text,label,source
wales want rugby league training wales could follow england s lead by training with a rugby,sport,bbc
china aviation seeks rescue deal scandal-hit jet fuel supplier china aviation oil has offered to repay,business,bbc
markets signal brazilian recovery the brazilian stock market has risen to a record high as investors,business,bbc
tough rules for ringtone sellers firms that flout rules on how ringtones and other mobile extras,tech,bbc
iraq advice claim sparks new row the tories say ministers must respond in parliament to claims,politics,bbc
lib dems new election pr chief the lib dems have appointed a senior figure from bt,politics,bbc
bbc poll indicates economic gloom citizens in a majority of nations surveyed in a bbc world,business,bbc
broadband set to revolutionise tv bt is starting its push into television with plans to offer,tech,bbc
domain system opens door to scams a system to make it easier to create website addresses,tech,bbc
attack prompts bush site block the official re-election site of president george w bush is blocking,tech,bbc
young debut cut short by ginepri fifteen-year-old donald young s first appearance in an atp tennis,sport,bbc
speak easy plan for media players music and film fans will be able to control their,tech,bbc
pearce keen on succeeding keegan joint assistant boss stuart pearce has admitted he would like to,sport,bbc
playstation 3 processor unveiled the cell processor which will drive sony s playstation 3 will run,tech,bbc
ask jeeves tips online ad revival ask jeeves has become the third leading online search firm,business,bbc
ministers deny care sums wrong ministers have insisted they are committed to free personal care for,politics,bbc
ad firm wpp s profits surge 15% uk advertising giant wpp has posted larger-than-expected annual profits,business,bbc
beckham virus spotted on the net virus writers are trading on interest in david beckham to,tech,bbc
harinordoquy suffers france axe number eight imanol harinordoquy has been dropped from france s squad for,sport,bbc
wall street cheers bush victory the us stock market has closed higher in response to george,business,bbc
halo fans hope for sequel xbox video game halo 2 has been released in the us,tech,bbc
mobiles double up as bus tickets mobiles could soon double up as travel cards with nokia,tech,bbc
davenport dismantles young rival top seed lindsay davenport booked her place in the last 16 of,sport,bbc
fiat chief takes steering wheel the chief executive of the fiat conglomerate has taken day-to-day control,business,bbc
mourinho expects fight to finish chelsea manager jose mourinho expects the champions league clash with barcelona,sport,bbc
tory stalking horse meyer dies sir anthony meyer the tory backbencher who challenged margaret thatcher for,politics,bbc
boro suffer morrison injury blow middlesbrough midfielder james morrison has been ruled out for up to,sport,bbc
brown outlines third term vision gordon brown has outlined what he thinks should be the key,politics,bbc
campese berates whingeing england former australian wing david campese has told england to stop whingeing in,sport,bbc
howard s unfinished business he s not finished yet whispered the conservative party person as your,politics,bbc
edu describes tunnel fracas arsenal s edu has lifted the lid on the scenes that followed,sport,bbc
emi shares hit by profit warning shares in music giant emi have sunk by more than,business,bbc
what really divides the parties so what is the gap between labour and the tories nowadays,politics,bbc
tottenham bid &#163;8m for forest duo nottingham forest have confirmed they have received an £8m bid,sport,bbc
injury sidelines philippoussis mark philippoussis withdrew from the sydney international tennis tournament as expected on sunday,sport,bbc
lse doubts boost bidders shares shares in deutsche boerse have risen more than 3% after a,business,bbc
minister digs in over doping row the belgian sports minister at the centre of the svetlana,sport,bbc
beckham relief as real go through david beckham expressed his relief at real madrid s passage,sport,bbc
hewitt fights back to reach final lleyton hewitt kept his dream of an australian open title,sport,bbc
iran jails blogger for 14 years an iranian weblogger has been jailed for 14 years on,tech,bbc
broadband takes on tv viewing the number of europeans with broadband has exploded over the past,tech,bbc
faith schools citizenship warning schools must improve the quality of citizenship lessons - or social cohesion,politics,bbc
british library gets wireless net visitors to the british library will be able to get wireless,tech,bbc
ore costs hit global steel firms shares in steel firms have dropped worldwide amid concerns that,business,bbc
uk young top euro earnings league british children enjoy the highest average annual income in europe,business,bbc
almagro continues spanish surge unseeded nicolas almagro became the fifth spaniard to reach the last eight,sport,bbc
robinson out of six nations england captain jason robinson will miss the rest of the six,sport,bbc
mourinho takes swipe at arsenal chelsea boss jose mourinho has attempted to pile the pressure on,sport,bbc
us bank in $515m sec settlement five bank of america subsidiaries have agreed to pay a,business,bbc
parties plans for council tax anger at council tax rises spilled over into mass protests in,politics,bbc
fannie mae should restate books us mortgage company fannie mae should restate its earnings a move,business,bbc
apple laptop is greatest gadget the apple powerbook 100 has been chosen as the greatest gadget,tech,bbc
s korea spending boost to economy south korea will boost state spending next year in an,business,bbc
iaaf awaits greek pair s response kostas kenteris and katerina thanou are yet to respond to,sport,bbc
at a glance: tory health checks the uk opposition conservatives have unveiled plans to introduce health,politics,bbc
hacker threat to apple s itunes users of apple s music jukebox itunes need to update,tech,bbc
lewis-francis turns to christie mark lewis-francis has stepped up his preparations for the new season by,sport,bbc
act on detention ruling uk urged the government must act quickly on the law lords ruling,politics,bbc
algeria hit by further gas riots algeria suffered a weekend of violent protests against government plans,business,bbc
format wars could confuse users technology firms sony philips matsushita and samsung are developing a common,tech,bbc
bush to outline toughest budget president bush is to send his toughest budget proposals to date,business,bbc
firefox browser takes on microsoft microsoft s internet explorer has a serious rival in the long-awaited,tech,bbc
eu software patent law faces axe the european parliament has thrown out a bill that would,tech,bbc
ea to take on film and tv giants video game giant electronic arts (ea) says it,tech,bbc
davenport puts retirement on hold lindsay davenport has put any talk of retirement on hold after,sport,bbc
xbox 2 may be unveiled in summer details of the next generation of microsoft s xbox,tech,bbc
watchdog probes e-mail deletions the information commissioner says he is urgently asking for details of cabinet,politics,bbc
pakistani women must not hide hiding women away in the home hidden behind veils is a,politics,bbc
bargain calls widen softbank loss japanese communications firm softbank has widened losses after heavy spending on,business,bbc
lacroix label bought by us firm luxury goods group lvmh has sold its loss-making christian lacroix,business,bbc
text message record smashed uk mobile owners continue to break records with their text messaging with,tech,bbc
london irish 19-33 wasps wasps made light of the absence of several internationals to sink london,sport,bbc
o leary agrees new villa contract aston villa boss david o leary signed a three-and-a-half year,sport,bbc
bank set to leave rates on hold uk interest rates are set to remain on hold,business,bbc
hollywood campaign hits websites movie studio efforts to stop pirated films being shared on peer-to-peer networks,tech,bbc
howard truanted to play snooker conservative leader michael howard has admitted he used to play truant,politics,bbc
yahoo celebrates a decade online yahoo one of the net s most iconic companies is celebrating,tech,bbc
wright-phillips to start on right england coach sven-goran eriksson has revealed shaun wright-phillips will start against,sport,bbc
file-swappers ready new network legal attacks on websites that help people swap pirated films have forced,tech,bbc
diageo to buy us wine firm diageo the world s biggest spirits company has agreed to,business,bbc
china blocks google news site china has been accused of blocking access to google news by,tech,bbc
ireland 21-19 argentina an injury-time dropped goal by ronan o gara stole victory for ireland from,sport,bbc
cars pull down us retail figures us retail sales fell 0.3% in january the biggest monthly,business,bbc
india s rupee hits five-year high india s rupee has hit a five-year high after standard,business,bbc
who do you think you are the real danger is not what happens to your data,tech,bbc
fed chief warning on us deficit federal reserve chairman alan greenspan has warned that allowing huge,business,bbc
verizon seals takeover of mci verizon has won a takeover battle for us phone firm mci,business,bbc
petrol duties frozen brown says chancellor gordon brown has announced a freeze on fuel duty in,politics,bbc
ink helps drive democracy in asia the kyrgyz republic a small mountainous state of the former,tech,bbc
yahoo moves into desktop search internet giant yahoo has launched software to allow people to search,tech,bbc
hodges announces rugby retirement scarlets and usa eagles forward dave hodges has ended his playing career,sport,bbc
blair rejects iraq advice calls tony blair has rejected calls for the publication of advice on,politics,bbc
us state acts to stop spammers us state texas has filed a lawsuit against two men,tech,bbc
paris promise raises welsh hopes has there been a better six nations match than saturday s,sport,bbc
yukos accused of lying to court russian oil firm yukos lied to a us court in,business,bbc
fresh hope after argentine crisis three years after argentina was hit by a deadly economic crisis,business,bbc
us trade gap ballooned in october the us trade deficit widened by more than expected in,business,bbc
barcelona title hopes hit by loss barcelona s pursuit of the spanish title took a blow,sport,bbc
gardener wins double in glasgow britain s jason gardener enjoyed a double 60m success in glasgow,sport,bbc
white prepared for battle tough-scrummaging prop julian white is expecting a resurgent wales to give him,sport,bbc
retail sales show festive fervour uk retail sales were better than expected in november as christmas,business,bbc
labour chooses manchester the labour party will hold its 2006 autumn conference in manchester and not,politics,bbc
reyes tricked into real admission jose antonio reyes has added to speculation linking him with a,sport,bbc
tobacco giants hail court ruling us tobacco companies have welcomed an appeal court s decision to,business,bbc
tulu to appear at caledonian run two-time olympic 10 000 metres champion derartu tulu has confirmed,sport,bbc
blair and blunkett sheffield trip tony blair is to join home secretary david blunkett in a,politics,bbc
sydney return for henin-hardenne olympic champion justine henin-hardenne will return to action in january s sydney,sport,bbc
capriati to miss melbourne jennifer capriati has become the third leading lady to withdraw from the,sport,bbc
asian banks halt dollar s slide the dollar regained some lost ground against most major currencies,business,bbc
giggs handed wales leading role ryan giggs will captain wales as he wins his 50th cap,sport,bbc
henman overcomes rival rusedski tim henman saved a match point before fighting back to defeat british,sport,bbc
blair moves to woo jewish voters tony blair has pledged to never ever ever attack tory,politics,bbc
camera phones are must-haves four times more mobiles with cameras in them will be sold in,tech,bbc
broadband fuels online change fast web access is encouraging more people to express themselves online research,tech,bbc
uk s useless quangos under fire the uk has 529 quangos financed with billions of pounds,politics,bbc
china to overtake us net use the chinese net-using population looks set to exceed that of,tech,bbc
clijsters set for february return tennis star kim clijsters will make her return from a career-threatening,sport,bbc
houllier praises benitez regime former liverpool manager gerard houllier has praised the work of his anfield,sport,bbc
spam e-mails tempt net shoppers computer users across the world continue to ignore security warnings about,tech,bbc
drive to save festive holidays efforts are being made to protect workers days off on christmas,politics,bbc
gebrselassie in london triple bid double olympic 10 000m champion haile gebrselassie will race in the,sport,bbc
slovakia seal hopman cup success slovakia clinched the hopman cup for the second time by beating,sport,bbc
tories outlining policing plans local communities would be asked to go to the polls to elect,politics,bbc
joke e-mail virus tricks users a virus that disguises itself as a joke is spreading rapidly,tech,bbc
irish company hit by iraqi report shares in irish oil company petrel resources have lost more,business,bbc
brown outlines third term vision gordon brown has outlined what he thinks should be the key,politics,bbc
russia wto talks make progress talks on russia s proposed membership of the world trade organisation,business,bbc
rings of steel combat net attacks gambling is hugely popular  especially with tech-savvy criminals.,tech,bbc
keegan hails comeback king fowler manchester city boss kevin keegan has praised striker robbie fowler for,sport,bbc
tech helps disabled speed demons an organisation has been launched to encourage disabled people to get,tech,bbc
mci shareholder sues to stop bid a shareholder in us phone firm mci has taken legal,business,bbc
howard dismisses tory tax fears michael howard has dismissed fears from some conservatives that his plans,politics,bbc
hyundai to build new india plant south korea s hyundai motor has announced that it plans,business,bbc
kilroy launches veritas party ex-bbc chat show host and east midlands mep robert kilroy-silk has said,politics,bbc
blair up for it ahead of poll tony blair says his personal standing in the eyes,politics,bbc
ireland v usa (sat) saturday 20 november lansdowne road dublin 1300 gmt the irish coach knows,sport,bbc
freeze on anti-spam campaign a campaign by lycos europe to target spam-related websites appears to have,tech,bbc
europe blames us over weak dollar european leaders have openly blamed the us for the sharp,business,bbc
retirement age could be scrapped the myth that ageing is a barrier to contributing to society,politics,bbc
deutsche boerse set to woo lse bosses of deutsche boerse and the london stock exchange are,business,bbc
uk firm faces venezuelan land row venezuelan authorities have said they will seize land owned by,business,bbc
disney backs sony dvd technology a next generation dvd technology backed by sony has received a,tech,bbc
us peer-to-peer pirates convicted the first convictions for piracy over peer-to-peer networks have been handed down,tech,bbc
dollar slides ahead of new year the us dollar has hit a new record low against,business,bbc
brown s poll campaign move denied the government has denied reports that gordon brown is preparing,politics,bbc
a question of trust and technology a major government department is without e-mail for a week,tech,bbc
iraq to invite phone licence bids iraq is to invite bids for two telephone licences saying,business,bbc
digital guru floats sub-$100 pc nicholas negroponte chairman and founder of mit s media labs says,tech,bbc
souness backs smith for scotland graeme souness believes walter smith would be the perfect choice to,sport,bbc
house prices show slight increase prices of homes in the uk rose a seasonally adjusted 0.5%,business,bbc
guantanamo four free in weeks all four britons held by the us in guantanamo bay will,politics,bbc
police chief backs drinking move a chief constable has backed the introduction of 24-drinking saying police,politics,bbc
digital guru floats sub-$100 pc nicholas negroponte chairman and founder of mit s media labs says,tech,bbc
super union merger plan touted two of britain s big trade unions could merge to form,politics,bbc
peace demo appeal rejected peace protestors have lost a landmark appeal over police actions in stopping,politics,bbc
liverpool revel in night of glory liverpool manager rafael benitez said their qualification for the next,sport,bbc
troubled marsh under sec scrutiny the us stock market regulator is investigating troubled insurance broker marsh,business,bbc
making your office work for you our mission to brighten up your working lives continues -,business,bbc
tsunami won t divert africa aid uk aid to help the victims of the asian tsunami,politics,bbc
labour attacked on howard poster labour has been accused of using anti-semitic images in posters which,politics,bbc
hitachi unveils fastest robot japanese electronics firm hitachi has unveiled its first humanoid robot called emiew,tech,bbc
security warning over fbi virus the us federal bureau of investigation is warning that a computer,tech,bbc
could yukos be a blessing in disguise other things being equal the notion of entrepreneurs languishing,business,bbc
optimism remains over uk housing the uk property market remains robust despite the recent slowdown according,business,bbc
crucial decision on super-casinos a decision on whether to allow westminster to legislate on super-casinos is,politics,bbc
woodward eyes brennan for lions toulouse s former irish international trevor brennan could be one of,sport,bbc
david blunkett in quotes david blunkett - who has resigned as home secretary - built his,politics,bbc
games help you learn and play god games in which players must control virtual people and,tech,bbc
parmar ruled out of davis cup tie a knee injury has forced arvind parmar out of,sport,bbc
russian ex-spy on hunger strike an ex-russian intelligence officer who risked his life spying for mi6,politics,bbc
bush budget seeks deep cutbacks president bush has presented his 2006 budget cutting domestic spending in,business,bbc
clyde 0-5 celtic celtic brushed aside clyde to secure their place in the scottish cup semi-final,sport,bbc
freeze on anti-spam campaign a campaign by lycos europe to target spam-related websites appears to have,tech,bbc
barkley fit for match in ireland england centre olly barkley has been passed fit for sunday,sport,bbc
connors rallying cry for british tennis do you have it in your heart how much guts,sport,bbc
blunkett sorry over murder plan david blunkett has apologised to mps after the home office announced,politics,bbc
consumer spending lifts us growth us economic growth accelerated in the third quarter helped by strong,business,bbc
britons fed up with net service a survey conducted by pc pro magazine has revealed that,tech,bbc
o gara revels in ireland victory ireland fly-half ronan o gara hailed his side s 19-13,sport,bbc
software watching while you work software that can not only monitor every keystroke and action performed,tech,bbc
industrial output falls in japan japanese industrial output fell in october while unemployment rose casting further,business,bbc
cebit opens to mobile music tune cebit the world s largest hi-tech fair has opened its,tech,bbc
tokyo says deflation controlled the japanese government has forecast that the country s economic growth will,business,bbc
ba to suspend two saudi services british airways is to halt its flights from london heathrow,business,bbc
nintendo adds media playing to ds nintendo is releasing an adapter for its ds handheld console,tech,bbc
deadline nears for fiat-gm deal fiat and general motors (gm) have until midnight on 1 february,business,bbc
wilkinson return unlikely jonny wilkinson looks set to miss the whole of the 2005 rbs six,sport,bbc
uefa approves fake grass uefa says it will allow european matches to be played on artificial,sport,bbc
fuming robinson blasts officials england coach andy robinson said he was livid after his side were,sport,bbc
howard hits back at mongrel jibe michael howard has said a claim by peter hain that,politics,bbc
madagascar completes currency switch madagascar has completed the replacement of its malagasy franc with a new,business,bbc
german business confidence slides german business confidence fell in february knocking hopes of a speedy recovery,business,bbc
what price for trusted pc security you can now buy trusted computers but can we really,tech,bbc
eu too slow on economic reforms most eu countries have failed to put in place policies,business,bbc
blair says mayor should apologise tony blair has urged london mayor ken livingstone to apologise for,politics,bbc
capriati out of australian open jennifer capriati has become the third leading lady to withdraw from,sport,bbc
england 17-18 france england suffered an eighth defeat in 11 tests as scrum-half dimitri yachvili booted,sport,bbc
england coach faces rap after row england coach andy robinson is facing disciplinary action after criticising,sport,bbc
how to make a gigapixel picture the largest digital panoramic photo in the world has been,tech,bbc
o sullivan quick to hail italians ireland coach eddie o sullivan heaped praise on italy after,sport,bbc
screensaver tackles spam websites net users are getting the chance to fight back against spam websites,tech,bbc
cactus diet deal for phytopharm a slimming aid made from a southern african cactus is set,business,bbc
slow start to speedy net services faster broadband in the uk is becoming a reality as,tech,bbc
housing plans criticised by mps irreversible environmental damage will be caused by government plans to build,politics,bbc
probe launched on ken nazi jibe an investigation by the standards board is under way following,politics,bbc
budget aston takes on porsche british car maker aston martin has gone head-to-head with porsche s,business,bbc
uk will stand firm on eu rebate britain s £3bn eu rebate is not up for,politics,bbc
women mps reveal sexist taunts women mps endure shocking levels of sexist abuse at the hands,politics,bbc
musical future for phones analyst bill thompson has seen the future and it is in his,tech,bbc
blunkett row should end - blair prime minister tony blair said it was time to draw,politics,bbc
broadband in the uk growing fast high-speed net connections in the uk are proving more popular,tech,bbc
roddick to face saulnier in final andy roddick will play cyril saulnier in the final of,sport,bbc
ebbers denies worldcom fraud former worldcom chief bernie ebbers has denied claims that he knew accountants,business,bbc
china now top trader with japan china overtook the us to become japan s biggest trading,business,bbc
downing injury mars uefa victory middlesbrough boss steve mcclaren hopes that stewart downing did not seriously,sport,bbc
mps to debate euthanasia laws mps are preparing to debate a bill which critics claim would,politics,bbc
drink remark acts as diversion the first minister s statement that it was okay to get,politics,bbc
mps issued with blackberry threat mps will be thrown out of the commons if they use,politics,bbc
web radio takes spanish rap global spin the radio dial in the us and you are,tech,bbc
apple unveils low-cost mac mini apple has unveiled a new low-cost macintosh computer for the masses,tech,bbc
slim playstation triples sales sony playstation 2 s slimmer shape has proved popular with uk gamers,tech,bbc
child access law shake-up planned parents who refuse to allow former partners contact with their children,politics,bbc
hantuchova in dubai last eight daniela hantuchova moved into the quarter-finals of the dubai open after,sport,bbc
france telecom gets orange boost strong growth in subscriptions to mobile phone network orange has helped,business,bbc
february poll claim speculation reports that tony blair is planning a snap general election for february,politics,bbc
ireland 17-12 south africa ronan o gara scored all ireland s points as the home side,sport,bbc
loyalty cards idea for tv addicts viewers could soon be rewarded for watching tv as loyalty,tech,bbc
top tories on lib dem hit list the liberal democrats are aiming to unseat a string,politics,bbc
errors doomed first dome sale the initial attempt to sell the millennium dome failed due to,politics,bbc
collins named uk athletics chief uk athletics has ended its search for a new performance director,sport,bbc
tsunami debt deal to be announced chancellor gordon brown has said he hopes to announce a,politics,bbc
india and russia in energy talks india and russia are to work together in a series,business,bbc
no re-draft for eu patent law a proposed european law on software patents will not be,tech,bbc
teenagers to be allowed to be mps teenagers will be able to become mps under plans,politics,bbc
new delay hits eu software laws a fresh delay has hit controversial new european union rules,tech,bbc
south africa sweep top awards south africa s schalk burger was named player of the year,sport,bbc
podcasters look to net money nasa is doing it 14-year-old boys in bedrooms are doing it,tech,bbc
man city 0-2 man utd manchester united reduced chelsea s premiership lead to nine points after,sport,bbc
terror suspects face house arrest uk citizens suspected of involvement in terrorism could face house arrest,politics,bbc
tevez - an argentine in brazil some 65 years ago bernardo gandulla left boca juniors in,sport,bbc
labour s election love-in peace and love have been in short supply in the labour party,politics,bbc
philippoussis doubt over open bid mark philippoussis is almost certain to miss the australian open after,sport,bbc
court mulls file-sharing future judges at the us supreme court have been hearing evidence for and,tech,bbc
lawyer attacks anti-terror laws a senior barrister who has resigned in protest over the government s,politics,bbc
alfa romeos to get gm engines fiat is to stop making six-cylinder petrol engines for its,business,bbc
playstation 3 chip to be unveiled details of the chip designed to power sony s playstation,tech,bbc
house prices rebound says halifax uk house prices increased by 1.1% in december the first monthly,business,bbc
mayor will not retract nazi jibe london mayor ken livingstone has again refused to retract a,politics,bbc
school sport is back says pm tony blair has promised that sport is back as a,politics,bbc
china s shanda buys stake in sina chinese online game operator shanda interactive entertainment has bought,business,bbc
google shares fall as staff sell shares in google have fallen 6.7% after employees and early,business,bbc
india-pakistan peace boosts trade calmer relations between india and pakistan are paying economic dividends with new,business,bbc
ask jeeves joins web log market ask jeeves has bought the bloglines website to improve the,tech,bbc
swiss cement firm in buying spree swiss cement firm holcim has bid $800m (£429m) to buy,business,bbc
gritty return for prince of persia still basking in the relatively recent glory of last year,tech,bbc
india widens access to telecoms india has raised the limit for foreign direct investment in telecoms,business,bbc
labour faces cold calls inquiry labour is to be investigated by a watchdog over claims its,politics,bbc
anti-terror plan faces first test plans to allow home secretary charles clarke to place terror suspects,politics,bbc
plaid mp s cottage arson claim a plaid cymru mp believes uk security services were involved,politics,bbc
solutions to net security fears fake bank e-mails or phishing and stories about id theft are,tech,bbc
bnp leader nick griffin arrested the leader of the british national party has been arrested as,politics,bbc
casual gaming to take off games aimed at casual players are set to be even bigger,tech,bbc
ebbers aware of worldcom fraud former worldcom boss bernie ebbers was directly involved in the $11bn,business,bbc
edu blasts arsenal arsenal s brazilian midfielder edu has hit out at the club for stalling,sport,bbc
johansson takes adelaide victory second seed joachim johansson won his second career title with a 7-5,sport,bbc
newest eu members underpin growth the european union s newest members will bolster europe s economic,business,bbc
abortion not a poll issue - blair tony blair does not believe abortion should be an,politics,bbc
o connor aims to grab opportunity johnny o connor is determined to make a big impression,sport,bbc
can yahoo dominate next decade yahoo has reached the grand old age of 10 and in,tech,bbc
mourinho plots impressive course chelsea s win at fulham - confirming their position at the premiership,sport,bbc
jones files lawsuit against conte marion jones has filed a lawsuit for defamation against balco boss,sport,bbc
g7 backs africa debt relief plan g7 finance ministers have backed plans to write off up,business,bbc
robertson out to retain euro lure hearts manager john robertson hopes a place in the knock-out,sport,bbc
preview: ireland v england (sun) lansdowne road dublin sunday 27 february 1500 gmt bbc1 radio 4,sport,bbc
pension hitch for long-living men male life expectancy is much higher than originally estimated leading pension,business,bbc
kinnock to urge reform in lords neil kinnock has said his acceptance of a seat in,politics,bbc
sayeed to stand down as tory mp tory mp jonathan sayeed is to stand down on,politics,bbc
russia gets investment blessing soaring oil sales and a budget surplus mean russian debt is no,business,bbc
ukraine revisits state sell-offs ukraine is preparing what could be a wholesale review of the privatisation,business,bbc
edwards tips idowu for euro gold world outdoor triple jump record holder and bbc pundit jonathan,sport,bbc
zambia confident and cautious zambia s technical director kalusha bwalya is confident and cautious ahead of,sport,bbc
sony psp tipped as a must-have sony s playstation portable is the top gadget for 2005,tech,bbc
d arcy injury adds to ireland woe gordon d arcy has been ruled out of the,sport,bbc
mitsubishi in peugeot link talks trouble-hit mitsubishi motors is in talks with french carmaker psa peugeot,business,bbc
arnesen denies rift with santini tottenham sporting director frank arnesen has denied that coach jacques santini,sport,bbc
chinese exports rise 25% in 2004 exports from china leapt during 2004 over the previous year,business,bbc
industrial revival hope for japan japanese industry is growing faster than expected boosting hopes that the,business,bbc
security warning over fbi virus the us federal bureau of investigation is warning that a computer,tech,bbc
brainwave cap controls computer a team of us researchers has shown that controlling devices with the,tech,bbc
howard attacks pay later budget tory leader michael howard has dismissed gordon brown s budget as,politics,bbc
mccall earns tannadice reprieve dundee united manager ian mccall has won a reprieve from the sack,sport,bbc
tory leader urges harry apology prince harry should personally make clear how sorry he is about,politics,bbc
newcastle line up babayaro newcastle manager graeme souness is closing in on signing chelsea defender celestine,sport,bbc
merritt close to indoor 400m mark teenager lashawn merritt ran the third fastest indoor 400m of,sport,bbc
s korean lender faces liquidation creditors of south korea s top credit card firm have said,business,bbc
dawson wins england squad recall wasps scrum-half matt dawson has been recalled to england s training,sport,bbc
uk risks breaking golden rule the uk government will have to raise taxes or rein in,business,bbc
california sets fines for spyware the makers of computer programs that secretly spy on what people,tech,bbc
scotland v italy (sat) murrayfield edinburgh saturday 26 february 1400 gmt bbc1 five live and this,sport,bbc
lions blow to world cup stars british and irish lions coach clive woodward says he is,sport,bbc
giving financial gifts to children your child or grandchild may want the latest toy this christmas,business,bbc
no uk apology for colonial past the days of britain having to apologise for its colonial,politics,bbc
blair damaged by blunkett row a majority of voters (68%) believe the prime minister has been,politics,bbc
movie body targets children s pcs the body that represents the us movie industry has released,tech,bbc
wenger signs new deal arsenal manager arsene wenger has signed a new contract to stay at,sport,bbc
final hunts held as ban looms hunts in england and wales have begun on the last,politics,bbc
deutsche attacks yukos case german investment bank deutsche bank has challenged the right of yukos to,business,bbc
collins to compete in birmingham world and commonwealth 100m champion kim collins will compete in the,sport,bbc
mexicans tracking unhappy juninho mexican outfit red sharks veracruz hope to sign juninho if the brazilian,sport,bbc
kraft cuts snack ads for children kraft plans to cut back on advertising of products like,business,bbc
uk needs tax cuts tories insist a major change of direction is needed in britain if,politics,bbc
old firm pair handed suspensions celtic s henri camara and nacho novo of rangers have both,sport,bbc
dogged federer claims dubai crown world number one roger federer added the dubai championship trophy to,sport,bbc
taylor poised for scotland return simon taylor has been named in the scotland squad for saturday,sport,bbc
us in eu tariff chaos trade row the us has asked the world trade organisation to,business,bbc
record fails to lift lacklustre meet yelena isinbayeva may have produced another world pole vault record,sport,bbc
games win for blu-ray dvd format the next-generation dvd format blu-ray is winning more supporters than,tech,bbc
sony psp tipped as a must-have sony s playstation portable is the top uk gadget for,tech,bbc
angry williams rejects criticism serena williams has angrily rejected claims that she and sister venus are,sport,bbc
choose hope over fear - kennedy voters will have a clear choice between the politics of,politics,bbc
councils must find gypsy sites ministers are telling councils to find more sites for travellers amid,politics,bbc
speech takes on search engines a scottish firm is looking to attract web surfers with a,tech,bbc
cheaper chip for mobiles a mobile phone chip which combines a modem and a computer processor,tech,bbc
short attacks us over tsunami aid former cabinet minister clare short has criticised the us-led tsunami,politics,bbc
electrolux to export europe jobs electrolux saw its shares rise 14% on tuesday after it said,business,bbc
minister defends hunting ban law the law banning hunting with dogs in england and wales is,politics,bbc
kilroy unveils immigration policy ex-chatshow host robert kilroy-silk has attacked uk policy on immigration saying britain,politics,bbc
mps issued with blackberry threat mps will be thrown out of the commons if they use,politics,bbc
moya fights back for indian title carlos moya became the first man to successfully defend the,sport,bbc
britain boosted by holmes double athletics fans endured a year of mixed emotions in 2004 as,sport,bbc
wenger keeping faith with almunia arsene wenger has pledged to keep faith with stand-in keeper manuel,sport,bbc
fast moving phone bugs appear security firms are warning about several mobile phone viruses that can,tech,bbc
us seeks new $280bn smoker ruling the us justice department is to try to overturn a,business,bbc
greek pair attend drugs hearing greek sprinters kostas kenteris and katerina thanou have appeared before an,sport,bbc
tories attack burglar u-turns tory leader michael howard has accused tony blair of performing u-turns over,politics,bbc
unclear future for striker baros liverpool forward milan baros is uncertain whether he remains part of,sport,bbc
laporte tinkers with team france coach bernard laporte has made four changes to the starting line-up,sport,bbc
microsoft seeking spyware trojan microsoft is investigating a trojan program that attempts to switch off the,tech,bbc
steady job growth continues in us the us created fewer jobs than expected in december but,business,bbc
newcastle 2-1 bolton kieron dyer smashed home the winner to end bolton s 10-game unbeaten run.,sport,bbc
brazil plays down varig rescue the brazilian government has played down claims that it could step,business,bbc
rivals of the £400 apple...,tech,bbc
putin backs state grab for yukos russia s president has defended the purchase of yukos key,business,bbc
deutsche boerse boosts dividend deutsche boerse the german stock exchange that is trying to buy its,business,bbc
asian quake hits european shares shares in europe s leading reinsurers and travel firms have fallen,business,bbc
ukip could sue veritas defectors the uk independence party could take legal action to unseat two,politics,bbc
us insurer marsh cuts 2 500 jobs up to 2 500 jobs are to go at,business,bbc
pm apology over jailings tony blair has apologised to two families who suffered one of the,politics,bbc
could rivalry overshadow election tony blair and gordon brown are desperately trying to stuff the genie,politics,bbc
standard life cuts policy bonuses standard life europe s largest mutual life insurer has cut bonuses,business,bbc
norway upholds napster ruling a norwegian student who ran a website which linked to downloadable mp3,tech,bbc
saudi investor picks up the savoy london s famous savoy hotel has been sold to a,business,bbc
nintendo ds makes its euro debut nintendo s ds handheld game console has officially gone on,tech,bbc
white admits to balco drugs link banned american sprinter kelli white says she knowingly took steroids,sport,bbc
spam e-mails tempt net shoppers computer users across the world continue to ignore security warnings about,tech,bbc
bridge could miss rest of season chelsea left-back wayne bridge could miss the rest of the,sport,bbc
gadget growth fuels eco concerns technology firms and gadget lovers are being urged to think more,tech,bbc
blair returns from peace mission prime minister tony blair has arrived back from his diplomatic mission,politics,bbc
us to rule on yukos refuge call yukos has said a us bankruptcy court will decide,business,bbc
disney backs sony dvd technology a next generation dvd technology backed by sony has received a,tech,bbc
fao warns on impact of subsidies billions of farmers livelihoods are at risk from falling commodity,business,bbc
bank voted 8-1 for no rate change the decision to keep interest rates on hold at,business,bbc
broadband challenges tv viewing the number of europeans with broadband has exploded over the past 12,tech,bbc
games win for blu-ray dvd format the next-generation dvd format blu-ray is winning more supporters than,tech,bbc
itunes user sues apple over ipod a user of apple s itunes music service is suing,tech,bbc
apple laptop is greatest gadget the apple powerbook 100 has been chosen as the greatest gadget,tech,bbc
van nistelrooy set to return manchester united striker ruud van nistelrooy may make his comeback after,sport,bbc
italy 8-38 wales wales secured their first away win in the rbs six nations for nearly,sport,bbc
sculthorpe wants lions captaincy paul sculthorpe has admitted he would love to succeed andy farrell as,sport,bbc
jobs go at oracle after takeover oracle has announced it is cutting about 5 000 jobs,business,bbc
turkey turns on the economic charm three years after a gruelling economic crisis turkey has dressed,business,bbc
federer claims dubai crown world number one roger federer added the dubai championship trophy to his,sport,bbc
laura ashley chief stepping down laura ashley is parting company with its chief executive ainum mohd-saaid.,business,bbc
hingis to make unexpected return martina hingis makes her return to competitve tennis after two years,sport,bbc
straw praises kashmir moves the uk has welcomed the decision by india and pakistan to open,politics,bbc
clarke defends terror detentions the home secretary has defended his decision not to release foreign terror,politics,bbc
fuming robinson blasts officials england coach andy robinson insisted he was livid after his side were,sport,bbc
police urge pub closure power new powers are needed to close disorderly pubs bars and clubs,politics,bbc
mcclaren eyes uefa cup top spot steve mcclaren wants his middlesbrough team to win their uefa,sport,bbc
unilever shake up as profit slips anglo-dutch consumer goods giant unilever is to merge its two,business,bbc
german growth goes into reverse germany s economy shrank 0.2% in the last three months of,business,bbc
jarvis sells tube stake to spain shares in engineering group jarvis have soared more than 16%,business,bbc
eu to probe alitalia state aid the european commission has officially launched an in-depth investigation into,business,bbc
labour mp praises tory campaign the conservatives have been a lot smarter in the way they,politics,bbc
online commons to spark debate online communities set up by the uk government could encourage public,tech,bbc
kennedy calls for iraq exit plans tony blair should set out a proper exit strategy from,politics,bbc
economy focus for election battle britain s economic future will be at the heart of labour,politics,bbc
napster offers rented music to go music downloading for those that have rejected the free peer,tech,bbc
multi-purpose tv aids india two-thirds of the world s population 4 billion people live on $2,tech,bbc
benitez issues warning to gerrard liverpool manager rafael benitez has ordered captain steven gerrard not to,sport,bbc
dvd copy protection strengthened dvds will be harder to copy thanks to new anti-piracy measures devised,tech,bbc
us cyber security chief resigns the man making sure us computer networks are safe and secure,tech,bbc
england s defensive crisis grows england s defensive worries have deepened following the withdrawal of tottenham,sport,bbc
farrell saga to drag on - lindsay wigan chairman maurice lindsay says he does not expect,sport,bbc
ibm puts cash behind linux push ibm is spending $100m (£52m) over the next three years,tech,bbc
guantanamo four questioned the four britons freed from us custody in guantanamo bay are expected to,politics,bbc
renault boss hails great year strong sales outside western europe helped renault boost its profits by,business,bbc
hearts 2-1 livingston hearts wrapped up their scottish cup quarter-final tie against livingston with two goals,sport,bbc
reds sink 10-man magpies titus bramble s own goal put liverpool on the comeback trail as,sport,bbc
lib dems unveil election slogan the liberal democrats will present themselves as the real alternative in,politics,bbc
bond game fails to shake or stir for gaming fans the word goldeneye evokes excited memories,tech,bbc
bid to cut court witness stress new targets to reduce the stress to victims and witnesses,politics,bbc
candidate resigns over bnp link a prospective candidate for the uk independence party (ukip) has resigned,politics,bbc
china keeps tight rein on credit china s efforts to stop the economy from overheating by,business,bbc
vouchers to cut winter deaths pensioners are being promised energy savings by the liberal democrats as,politics,bbc
nasdaq planning $100m share sale the owner of the technology-dominated nasdaq stock index plans to sell,business,bbc
kelly trails new discipline power teachers could get more powers to remove unruly pupils from classes,politics,bbc
scrum-half williams rejoins bath bath have signed their former scrum-half andy williams on a short-term deal,sport,bbc
aids and climate top davos agenda climate change and the fight against aids are leading the,business,bbc
stam spices up man utd encounter ac milan defender jaap stam says manchester united know they,sport,bbc
labour s cunningham to stand down veteran labour mp and former cabinet minister jack cunningham has,politics,bbc
anelka eyes man city departure striker nicolas anelka reportedly wants to leave manchester city in search,sport,bbc
lions blow to world cup winners british and irish lions coach clive woodward says he is,sport,bbc
uk broadband gets speed injection broadband s rapid rise continues apace as speeds gear up a,tech,bbc
us regulator to rule on pain drug us food and drug regulators will decide on friday,business,bbc
hodgson shoulders england blame fly-half charlie hodgson admitted his wayward kicking played a big part in,sport,bbc
rangers seal old firm win goals from gregory vignal and nacho novo gave rangers a scrappy,sport,bbc
mcilroy continues winning streak james mcilroy stormed to his second international victory in less than a,sport,bbc
house prices suffer festive fall uk house prices fell 0.7% in december according to figures from,business,bbc
mg rover china tie-up delayed mg rover s proposed tie-up with china s top carmaker has,business,bbc
us to probe airline travel chaos the us government is to investigate two airlines- us airways,business,bbc
ireland call up uncapped campbell ulster scrum-half kieran campbell is one of five uncapped players included,sport,bbc
call to overhaul uk state pension the uk pension system has been branded inadequate and too,business,bbc
talks held on gibraltar s future two days of talks on the future of gibraltar begin,politics,bbc
bosvelt optimistic over new deal manchester city s paul bosvelt will find out within a month,sport,bbc
hansen delays return until 2006 british triple jumper ashia hansen has ruled out a comeback this,sport,bbc
crude oil prices back above $50 cold weather across parts of the united states and much,business,bbc
huge rush for jet airways shares indian airline jet airways initial public offering was oversubscribed 16.2,business,bbc
cuba winds back economic clock fidel castro s decision to ban all cash transactions in us,business,bbc
wal-mart to pay $14m in gun suit the world s largest retailer wal-mart has agreed to,business,bbc
labour targets hardcore truants a fresh crackdown on persistent truants in england has been launched by,politics,bbc
can smith work scottish wonders the worst kept secret in scottish football was revealed on thursday,sport,bbc
pompeii gets digital make-over the old-fashioned audio tour of historical places could soon be replaced with,tech,bbc
kenyan school turns to handhelds at the mbita point primary school in western kenya students click,tech,bbc
new year s texting breaks record a mobile phone was as essential to the recent new,tech,bbc
benitez deflects blame from dudek liverpool manager rafael benitez has refused to point the finger of,sport,bbc
japan s ageing workforce: built to last in his twenties he battled tuberculosis for eight years,business,bbc
blair told to double overseas aid tony blair is being urged to use all his negotiating,politics,bbc
eu referendum question unveiled the question to be asked in the referendum on the eu constitution,politics,bbc
minimum wage increased to £5.05 the minimum wage will rise in october benefiting more than 1m,politics,bbc
wasps 31-37 leicester leicester withstood a stunning wasps comeback to win a pulsating heineken cup encounter,sport,bbc
set your television to wow television started off as a magical blurry image.,tech,bbc
sa return to mauritius top seeds south africa return to the scene of one of their,sport,bbc
mobile picture power in your pocket how many times have you wanted to have a camera,tech,bbc
roddick splits from coach gilbert andy roddick has ended an 18-month association with coach brad gilbert,sport,bbc
broadband steams ahead in the us more and more americans are joining the internet s fast,tech,bbc
ruddock backs yapp s credentials wales coach mike ruddock says john yapp has what it takes,sport,bbc
mobile games come of age the bbc news website takes a look at how games on,tech,bbc
economy strong in election year uk businesses are set to prosper during the next few months,business,bbc
asylum children to face returns the uk government is planning to return asylum seeker children without,politics,bbc
barbarians 19-47 new zealand new zealand proved too strong for an australian-dominated barbarians to round off,sport,bbc
edwards tips idowu for euro gold world outdoor triple jump record holder and bbc pundit jonathan,sport,bbc
rush future at chester uncertain ian rush s future as chester manager is uncertain after he,sport,bbc
uk firms embracing e-commerce uk firms are embracing internet trading opportunities as never before e-commerce minister,politics,bbc
kenteris denies faking road crash greek sprinter kostas kenteris has denied claims that he faked a,sport,bbc
cable offers video-on-demand cable firms ntl and telewest have both launched video-on-demand services as the battle,tech,bbc
cairn shares slump on oil setback shares in cairn energy a uk oil firm have closed,business,bbc
wales critical of clumsy grewcock wales coach mike ruddock says england lock danny grewcock needs to,sport,bbc
concern over rfid tags consumers are very concerned about the use of radio frequency id (rfid),tech,bbc
ethiopia s crop production up 24% ethiopia produced 14.27 million tonnes of crops in 2004 24%,business,bbc
brown hits back in blair rift row gordon brown has criticised a union leader who said,politics,bbc
parry relishes anfield challenge bbc sport reflects on the future for liverpool after our exclusive interview,sport,bbc
chelsea clinch cup in extra-time (after extra-time - score at 90 mins 1-1) john arne riise,sport,bbc
mcilroy aiming for madrid title northern ireland man james mcilroy is confident he can win his,sport,bbc
labour s core support takes stock tony blair has told labour supporters he s back and,politics,bbc
french boss to leave eads the french co-head of european defence and aerospace group eads philippe,business,bbc
seamen sail into biometric future the luxury cruise liner crystal harmony currently in the gulf of,tech,bbc
fa charges liverpool and millwall liverpool and millwall have been charged by the football association over,sport,bbc
police detain chinese milk bosses chinese police have detained three top executives at milk firm yili,business,bbc
robben sidelined with broken foot chelsea winger arjen robben has broken two metatarsal bones in his,sport,bbc
howard rejects bnp s claim tory leader michael howard has dismissed claims that his immigration policy,politics,bbc
labour s eu propaganda a taxpayer subsidised propaganda exercise on the eu is being used to,politics,bbc
california sets fines for spyware the makers of computer programs that secretly spy on what people,tech,bbc
israeli economy picking up pace israel s economy is forecast to grow by 4.2% in 2004,business,bbc
republic to face china and italy the republic of ireland have arranged friendlies against china and,sport,bbc
hewitt overcomes wobble in sydney lleyton hewitt gave himself the perfect preparation for next week s,sport,bbc
mobile networks seek turbo boost third-generation mobile (3g) networks need to get faster if they are,tech,bbc
ryanair in $4bn boeing plane deal budget airline ryanair has placed an order for 70 boeing,business,bbc
mcdonald s to sponsor mtv show mcdonald s the world s largest restaurant chain is to,business,bbc
brazil approves bankruptcy reform a major reform of brazil s bankruptcy laws has been approved by,business,bbc
ferrero eyes return to top form former world number one juan carlos ferrero insists he can,sport,bbc
savvy searchers fail to spot ads internet search engine users are an odd mix of naive,tech,bbc
civil servants in strike ballot the uk s biggest civil service union is to ballot its,politics,bbc
boeing unveils new 777 aircraft us aircraft firm boeing has unveiled its new long-distance 777 plane,business,bbc
davenport hits out at wimbledon world number one lindsay davenport has criticised wimbledon over the issue,sport,bbc
mandelson warns bbc on campbell the bbc should steer away from demonising ex-downing street media chief,politics,bbc
christmas sales worst since 1981 uk retail sales fell in december failing to meet expectations and,business,bbc
csa chief who quit still in job the head of the failing child support agency widely,politics,bbc
apple ipod family expands market apple has expanded its ipod family with the release of its,tech,bbc
iaaf launches fight against drugs the iaaf - athletics world governing body - has met anti-doping,sport,bbc
henman & murray claim lta awards tim henman was named player of the year for 2004,sport,bbc
collins calls for chambers return world 100m champion kim collins says suspended sprinter dwain chambers should,sport,bbc
gatlin and hayes win owen awards american olympic stars justin gatlin and joanna hayes have been,sport,bbc
blair ready to call election tony blair seems certain to end weeks of phoney war on,politics,bbc
new rules tackle sham weddings new rules on marriage for foreign nationals living in the uk,politics,bbc
mcconnell details scots wave toll at least three people from scotland died in the tsunami disaster,politics,bbc
classy henman makes winning start tim henman opened his 2005 campaign with a 6-1 7-5 victory,sport,bbc
virgin blue shares plummet 20% shares in australian budget airline virgin blue plunged 20% after it,business,bbc
newry to fight cup exit in courts newry city are expected to discuss legal avenues on,sport,bbc
melzer shocks agassi in san jose second seed andre agassi suffered a comprehensive defeat by jurgen,sport,bbc
quiksilver moves for rossignol shares of skis rossignol the world s largest ski-maker have jumped as,business,bbc
argentina closes $102.6bn debt swap argentina is set to close its $102.6bn (£53.51bn) debt restructuring offer,business,bbc
brown calls for £5.5bn aids fund gordon brown has called on rich nations to fund a,politics,bbc
galloway targets new labour mp george galloway is to stand against pro-iraq war labour mp oona,politics,bbc
german jobless rate at new record more than 5.2 million germans were out of work in,business,bbc
thanou desperate to make return greek sprinter katerina thanou says she is eager to compete again,sport,bbc
bomb threat at bernabeu stadium spectators were evacuated from real madrid s bernabeu stadium on sunday,sport,bbc
burglar defence guidelines issued householders who injure or even kill intruders are unlikely to be prosecuted,politics,bbc
bbc web search aids odd queries the bbc s online search engine was used a record,tech,bbc
poles play with gameboy blip-pop a group of artists in poland has taken the cacophony of,tech,bbc
slimmer playstation triple sales sony playstation 2 s slimmer shape has proved popular with uk gamers,tech,bbc
strong quarterly growth for nike nike has reported its best second-quarter earnings helped by strong demand,business,bbc
the future in your pocket if you are a geek or gadget fan the next 12,tech,bbc
karachi stocks hit historic high the karachi stock exchange (kse) has recorded its largest single day,business,bbc
china bans new tobacco factories the world s biggest tobacco consumer china has said it will,business,bbc
barclays shares up on merger talk shares in uk banking group barclays have risen on monday,business,bbc
axa sun life cuts bonus payments life insurer axa sun life has lowered annual bonus payouts,business,bbc
amnesty chief laments war failure the lack of public outrage about the war on terror is,politics,bbc
water firm suez in argentina row a conflict between the argentine state and water firm aguas,business,bbc
fox attacks blair s tory lies tony blair lied when he took the uk to war,politics,bbc
bush to get tough on deficit us president george w bush has pledged to introduce a,business,bbc
monsanto fined $1.5m for bribery the us agrochemical giant monsanto has agreed to pay a $1.5m,business,bbc
more power to the people says hp the digital revolution is focused on letting people tell,tech,bbc
no election tv debate says blair tony blair has said he will not take part in,politics,bbc
brentford v southampton griffin park tuesday 1 march 1945 gmt barry knight (kent) home to manchester,sport,bbc
deutsche telekom sees mobile gain german telecoms firm deutsche telekom saw strong fourth quarter profits on,business,bbc
clarke to press on with id cards new home secretary charles clarke has vowed to plough,politics,bbc
howard taunts blair over splits tony blair s feud with gordon brown is damaging the way,politics,bbc
hotspot users gain free net calls people using wireless net hotspots will soon be able to,tech,bbc
reaction from spanish press england s 1-0 defeat to spain on wednesday dominated the back and,sport,bbc
commons hunt protest charges eight protesters who stormed the house of commons chamber during a debate,politics,bbc
the year search became personal the odds are that when you fire up your browser you,tech,bbc
healthsouth ex-boss goes on trial the former head of us medical services firm healthsouth overstated earnings,business,bbc
mexican in us send $16bn home mexican labourers living in the us sent a record $16.6bn,business,bbc
continental may run out of cash shares in continental airlines have tumbled after the firm warned,business,bbc
euronext joins bid battle for lse pan-european stock market euronext has approached the london stock exchange,business,bbc
steel firm to cut 45 000 jobs mittal steel one of the world s largest steel,business,bbc
ivanovic seals canberra victory serbia s ana ivanovic captured her first wta title with a straight-sets,sport,bbc
tories unveil quango blitz plans plans to abolish 162 quangos have been unveiled by the conservatives,politics,bbc
brown comes out shooting labour may have abolished hunting - but that didn t stop chancellor,politics,bbc
howard and blair tax pledge clash tony blair has said voters will have to wait for,politics,bbc
beckham rules out management move real madrid midfielder david beckham has no plans to become a,sport,bbc
open source leaders slam patents the war of words between microsoft and the open source movement,tech,bbc
mystery surrounds new yukos owner the fate of russia s yuganskneftegas - the oil firm sold,business,bbc
newcastle to join morientes race newcastle have joined the race to sign real madrid striker fernando,sport,bbc
a year to remember for irish there used to be one subliminal moment during a year,sport,bbc
clarke to unveil immigration plan new controls on economic migrants and tighter border patrols will be,politics,bbc
standoff on deutsche s lse bid deutsche boerse investors unhappy with its london stock exchange bid,business,bbc
kluft impressed by sotherton form olympic heptathlon champion carolina kluft was full of admiration for britain,sport,bbc
voters don t trust politicians eight out of 10 voters do not trust politicians to tell,politics,bbc
tv future in the hands of viewers with home theatre systems plasma high-definition tvs and digital,tech,bbc
turkey knocks six zeros off lira turkey is to relaunch its currency on saturday knocking six,business,bbc
muslims discuss election concerns issues that muslims should be considering before voting in the next general,politics,bbc
uk interest rates held at 4.75% the bank of england has left interest rates on hold,business,bbc
relay squad thrilled with honours jason gardener says being made an mbe in the new year,sport,bbc
text message record smashed again uk mobile owners continue to break records with their text messaging,tech,bbc
rings of steel combat net attacks gambling is hugely popular  especially with tech-savvy criminals.,tech,bbc
saudi ministry to employ women women will be employed in saudi arabia s foreign ministry for,business,bbc
minister hits out at yukos sale russia s renationalisation of its energy industry needs to be,business,bbc
executive trio leave aer lingus three senior executives of ireland s state-owned airline aer lingus are,business,bbc
long life promised for laptop pcs scientists are working on ways to ensure laptops can stay,tech,bbc
millions go missing at china bank two senior officials at one of china s top commercial,business,bbc
tate & lyle boss bags top award tate & lyle s chief executive has been named,business,bbc
federer breezes into semi-finals roger federer reached the last four of the qatar open with an,sport,bbc
parry firm over gerrard listen to the full interview on sport on five and the bbc,sport,bbc
gamers could drive high-definition tv films and games have been gearing up for some time now,tech,bbc
sec to rethink post-enron rules the us stock market watchdog s chairman has said he is,business,bbc
tsunami cost hits jakarta shares the stock market in jakarta has seen its biggest slide in,business,bbc
koubek suspended after drugs test stefan koubek says he has been banned for three months by,sport,bbc
apple makes blogs reveal sources apple has won its legal fight to make three bloggers reveal,tech,bbc
gadgets galore on show at fair the 2005 consumer electronics show in las vegas is a,tech,bbc
lufthansa may sue over bush visit german airline lufthansa may sue federal agencies for damages after,business,bbc
mps criticise child access system divorced parents seeking access to their children are often disadvantaged by,politics,bbc
borders rail link campaign rally campaigners are to stage a rally calling for a borders rail,politics,bbc
looks and music to drive mobiles mobile phones are still enjoying a boom time in sales,tech,bbc
post-christmas lull in lending uk mortgage lending showed a post-christmas lull in january indicating a slowing,business,bbc
call centre users lose patience customers trying to get through to call centres are getting impatient,business,bbc
greene sets sights on world title maurice greene aims to wipe out the pain of losing,sport,bbc
brown in appeal for labour unity gordon brown has made an appeal for unity after reports,politics,bbc
china continues breakneck growth china s economy has expanded by a breakneck 9.5% during 2004 faster,business,bbc
russian oil merger excludes yukos the merger of russian gas giant gazprom and oil firm rosneft,business,bbc
uk economy facing major risks the uk manufacturing sector will continue to face serious challenges over,business,bbc
lord scarman 93 dies peacefully distinguished lawyer lord scarman who conducted the inquiry into the 1981,politics,bbc
vickery out of six nations england tight-head prop phil vickery has been ruled out of the,sport,bbc
bmw to recall faulty diesel cars bmw is to recall all cars equipped with a faulty,business,bbc
mixed signals from french economy the french economy picked up speed at the end of 2004,business,bbc
german bidder in talks with lse deutsche boerse bosses have held constructive professional and friendly talks,business,bbc
yeading face newcastle in fa cup premiership side newcastle united face a trip to ryman premier,sport,bbc
regiments group in poll move a regiments campaign group is to target nine marginal labour seats,politics,bbc
egypt to sell off state-owned bank the egyptian government is reportedly planning to privatise one of,business,bbc
us gives foreign firms extra time foreign firms have been given an extra year to meet,business,bbc
bt offers free net phone calls bt is offering customers free internet telephone calls if they,tech,bbc
ad sales boost time warner profit quarterly profits at us media giant timewarner jumped 76% to,business,bbc
reliance unit loses anil ambani anil ambani the younger of the two brothers in charge of,business,bbc
virus poses as christmas e-mail security firms are warning about a windows virus disguising itself as,tech,bbc
analysis: no pain no gain he called it his masochism strategy in the run-up to the,politics,bbc
indonesians face fuel price rise indonesia s government has confirmed it is considering raising fuel prices,business,bbc
business confidence dips in japan business confidence among japanese manufacturers has weakened for the first time,business,bbc
m&s cuts prices by average of 24% marks & spencer has cut prices in london and,business,bbc
mobiles rack up 20 years of use mobile phones in the uk are celebrating their 20th,tech,bbc
venezuela and china sign oil deal venezuelan president hugo chavez has offered china wide-ranging access to,business,bbc
gardener battles to narrow win jason gardener fought all the way to the line to narrowly,sport,bbc
o driscoll out of scotland game ireland captain brian o driscoll has been ruled out of,sport,bbc
moya suffers shock loss fifth seed carlos moya was the first big name to fall at,sport,bbc
call for action on internet scam phone companies are not doing enough to warn customers about,tech,bbc
no seasonal lift for house market a swathe of figures have provided further evidence of a,business,bbc
leeds v saracens (fri) headingley friday 25 february 2000 gmt the tykes have brought in newcastle,sport,bbc
ukraine trims privatisation check ukraine is to review dozens of state asset sales as the country,business,bbc
serena ends sania mirza s dream sania mirza the first indian woman to reach the third,sport,bbc
manufacturing recovery slowing uk manufacturing grew at its slowest pace in one-and-a-half years in january according,business,bbc
parmalat boasts doubled profits parmalat the italian food group at the centre of one of europe,business,bbc
video phones act as dating tools technologies from e-mail to net chatrooms instant messaging and mobiles,tech,bbc
india calls for fair trade rules india which attends the g7 meeting of seven leading industrialised,business,bbc
celts savour grand slam prospect the six nations has heralded a new order in northern hemisphere,sport,bbc
apple mac mini gets warm welcome the mac mini has been welcomed by apple fans industry,tech,bbc
desailly backs blues revenge trip marcel desailly insists there is no chance of history repeating itself,sport,bbc
microsoft plans safer id system microsoft is planning to make windows and internet explorer more secure,tech,bbc
india unveils anti-poverty budget india is to boost spending on primary schools and health in a,business,bbc
holmes is hit by hamstring injury kelly holmes has been forced out of this weekend s,sport,bbc
england children s tsar appointed the first children s commissioner for england has been appointed.,politics,bbc
cabs collect mountain of mobiles gadgets are cheaper  smaller and more common than ever.,tech,bbc
healey targets england comeback leicester wing austin healey hopes to use sunday s return heineken cup,sport,bbc
malik rejects all-black mp lists a call for ethnic minority shortlists to boost the number of,politics,bbc
europe asks asia for euro help european leaders say asian states must let their currencies rise,business,bbc
nigeria to boost cocoa production the government of nigeria is hoping to triple cocoa production over,business,bbc
microsoft launches its own search microsoft has unveiled the finished version of its home-grown search engine.,tech,bbc
real will finish abandoned match real madrid and real socieded will play the final six minutes,sport,bbc
terror powers expose tyranny the lord chancellor has defended government plans to introduce control orders to,politics,bbc
uk net users leading tv downloads british tv viewers lead the trend of illegally downloading us,tech,bbc
junk e-mails on relentless rise spam traffic is up by 40% putting the total amount of,tech,bbc
india s deccan seals $1.8bn deal air deccan has ordered 30 airbus a320 planes in a,business,bbc
souped-up wi-fi is on the horizon super high-speed wireless data networks could soon be in use,tech,bbc
injury doubts beset wales squad wales have a clutch of injury worries before wednesday s international,sport,bbc
world tour for top video gamers two uk gamers are about to embark on a world,tech,bbc
blair rejects tory terror offer tony blair has rejected a conservative compromise offer that could have,politics,bbc
go-ahead for balkan oil pipeline albania bulgaria and macedonia has given the go ahead for the,business,bbc
radcliffe enjoys winning comeback paula radcliffe made a triumphant return to competitive running with victory in,sport,bbc
when invention turns to innovation it is unlikely that future technological inventions are going to have,tech,bbc
game firm holds cast auditions video game firm bioware is to hold open auditions for people,tech,bbc
rover deal may cost 2 000 jobs some 2 000 jobs at mg rover s midlands,business,bbc
bmw reveals new models pipeline bmw is preparing to enter the market for car-style people carriers,business,bbc
teenager tait picked for england newcastle s teenage centre mathew tait has been named as a,sport,bbc
france starts digital terrestrial france has become the last big european country to launch a digital,tech,bbc
buyers snap up jet airways shares investors have snapped up shares in jet airways india s,business,bbc
kennedy s cautious optimism charles kennedy is far too canny to make any grand claims about,politics,bbc
safin slumps to shock dubai loss marat safin suffered a shock loss to unseeded nicolas kiefer,sport,bbc
lewsey puzzle over disallowed try england s josh lewsey has claimed he was denied a late,sport,bbc
why cell will get the hard sell the world is casting its gaze on the cell,tech,bbc
japanese growth grinds to a halt growth in japan evaporated in the three months to september,business,bbc
debate needed on donations cap a cap on donations to political parties should not be introduced,politics,bbc
a november to remember last saturday one newspaper proclaimed that england were still the number one,sport,bbc
uk set to cut back on embassies nine overseas embassies and high commissions will close in,politics,bbc
us peer-to-peer pirates convicted the first convictions for piracy over peer-to-peer networks have been handed down,tech,bbc
takeover offer for sunderland fc bob murray chairman of sunderland fc has launched a £1.5m ($2.8m),business,bbc
germany nears 1990 jobless level german unemployment rose for the 11th consecutive month in december -,business,bbc
beer giant swallows russian firm brewing giant inbev has agreed to buy alfa-eco s stake in,business,bbc
bbc leads interactive bafta wins the bbc and the national theatre have led the field at,tech,bbc
survey confirms property slowdown government figures have confirmed a widely reported slowdown of the uk s,business,bbc
tory expert denies defeat warning the conservatives campaign director has denied a report claiming he warned,politics,bbc
j&j agrees $25bn guidant deal pharmaceutical giant johnson & johnson has agreed to buy medical technology,business,bbc
bellamy fined after row newcastle have fined their welsh striker craig bellamy two weeks wages -,sport,bbc
s korea spending boost to economy south korea will boost state spending next year in an,business,bbc
gb select holmes for double bid kelly holmes has been chosen for both the 800m and,sport,bbc
straw to attend auschwitz service foreign secretary jack straw will visit auschwitz for the 60th anniversary,politics,bbc
mps quiz aides over royal income senior officials at the two bodies generating private income for,politics,bbc
ukip mep attacked german empire a uk independence party mep suggested germany saw the eu as,politics,bbc
air china in $1bn london listing china s national airline is to make its overseas stock,business,bbc
dollar gains on greenspan speech the dollar has hit its highest level against the euro in,business,bbc
hague given up his pm ambition former conservative leader william hague says he will not stand,politics,bbc
burren awarded egyptian contracts british energy firm burren energy has been awarded two potentially lucrative oil,business,bbc
dallaglio eyeing lions tour place former england captain lawrence dallaglio still harbours hopes of a place,sport,bbc
ministers lose slopping out case the scottish executive has lost an appeal against an inmate s,politics,bbc
eu rules won t stop uk spending the shape of the uk s economy in graphics,politics,bbc
aviation firms eye booming india india s defence minister has opened the country s aero india,business,bbc
assembly ballot papers missing hundreds of ballot papers for the regional assembly referendum in the north,politics,bbc
funding cut hits wales students the wales students rugby side has become a casualty of the,sport,bbc
tsunami slows sri lanka s growth sri lanka s president has launched a reconstruction drive worth,business,bbc
faultless federer has no equal roger federer - nice bloke fantastic tennis player - the ultimate,sport,bbc
row brewing over peer-to-peer ads music download networks are proving popular not just with an audience,tech,bbc
dal maso in to replace bergamasco david dal maso has been handed the task of replacing,sport,bbc
tindall aiming to earn lions spot bath and england centre mike tindall believes he can make,sport,bbc
cherie accused of attacking bush cherie blair has been accused of criticising george w bush s,politics,bbc
blair dismisses quit claim report tony blair has dismissed reports he told gordon brown he would,politics,bbc
council tax rise reasonable welsh councils should set their taxes at reasonable levels after being given,politics,bbc
sun offers processing by the hour sun microsystems has launched a pay-as-you-go service which will allow,tech,bbc
kennedy criticises unfair taxes gordon brown has failed to tackle the fundamental unfairness in the tax,politics,bbc
marsh executive in guilty plea an executive at us insurance firm marsh & mclennan has pleaded,business,bbc
jobs growth still slow in the us the us created fewer jobs than expected in january,business,bbc
yangtze electric s profits double yangtze electric power the operator of china s three gorges dam,business,bbc
uk homes hit £3.3 trillion total the value of the uk s housing stock reached the,business,bbc
cairn energy in indian gas find shares in cairn energy rose 3.8% to 1 088 pence,business,bbc
voters flock to blog awards site voting is under way for the annual bloggies which recognise,tech,bbc
henman hopes ended in dubai third seed tim henman slumped to a straight sets defeat in,sport,bbc
slovakia reach hopman cup final slovakia will play argentina in the final of the hopman cup,sport,bbc
ibm puts cash behind linux push ibm is spending $100m (£52m) over the next three years,tech,bbc
chip maker backs net phone calls rich templeton the head of giant chip maker texas instruments,tech,bbc
us firm pulls out of iraq a us company has pulled out of a major contract,business,bbc
troubled marsh under sec scrutiny the us stock market regulator is investigating troubled insurance broker marsh,business,bbc
howard pitches for uk ethnic vote michael howard is to make a pitch for britain s,politics,bbc
mobiles not media players yet mobiles are not yet ready to be all-singing all-dancing multimedia devices,tech,bbc
net regulation still possible the blurring of boundaries between tv and the internet raises questions of,tech,bbc
parties warned over grey vote political parties cannot afford to take older uk voters for granted,politics,bbc
correction agency plans dropped plans to create a single correctional agency for scotland have been scrapped.,politics,bbc
bank holds interest rate at 4.75% the bank of england has left interest rates on hold,business,bbc
new ukip defection to veritas the uk independence party has lost one of its two london,politics,bbc
split-caps pay £194m compensation investors who lost money following the split-capital investment trust scandal are to,business,bbc
microsoft releases patches microsoft has warned pc users to update their systems with the latest security,tech,bbc
escaped prisoner report ordered first minister jack mcconnell has ordered a report on the decision to,politics,bbc
legendary dutch boss michels dies legendary dutch coach rinus michels the man credited with developing total,sport,bbc
blair backs pre-election budget tony blair has backed chancellor gordon brown s pre-budget report amid opposition,politics,bbc
sainsbury s labour election gift science minister lord sainsbury has made a £2m donation to the,politics,bbc
hearts of oak 3-2 cotonsport hearts of oak set up an all ghanaian confederation cup final,sport,bbc
us bank boss hails genius smith us federal reserve chairman alan greenspan has given a speech,business,bbc
uk bank seals south korean deal uk-based bank standard chartered said it would spend $3.3bn (£1.8bn),business,bbc
economy stronger than forecast the uk economy probably grew at a faster rate in the third,business,bbc
umaga ready for lions all blacks captain tama umaga has warned the british and irish lions,sport,bbc
mps assess scots fishing industry a group of mps are on a two-day fact-finding mission to,politics,bbc
kenyan school turns to handhelds at the mbita point primary school in western kenya students click,tech,bbc
hariri killing hits beirut shares shares in solidere the lebanese company founded by assassinated former prime,business,bbc
report attacks defence spending the ministry of defence has been criticised over the soaring spending costs,politics,bbc
chepkemei hit by big ban kenya s athletics body has suspended two-time london marathon runner-up susan,sport,bbc
chepkemei joins edinburgh line-up susan chepkemei has decided she is fit enough to run in next,sport,bbc
player burn-out worries robinson england coach andy robinson says english rugby has to act now to,sport,bbc
student fee factor played down a rise has been recorded in the number of students from,politics,bbc
mixed christmas for us retailers us retailers posted mixed results for december - with luxury retailers,business,bbc
howard denies split over id cards michael howard has denied his shadow cabinet was split over,politics,bbc
howard backs stem cell research michael howard has backed stem cell research saying it is important,politics,bbc
mobile networks seek turbo boost third-generation mobile (3g) networks need to get faster if they are,tech,bbc
latin america sees strong growth latin america s economy grew by 5.5% in 2004 its best,business,bbc
blinx sequel purrs nicely the original blinx was intended to convert many platform game lovers to,tech,bbc
virgin radio offers 3g broadcast uk broadcaster virgin radio says it will become the first station,tech,bbc
nat insurance to rise say tories national insurance will be raised if labour wins the next,politics,bbc
moya clinches cup for spain spain won the davis cup for the second time in their,sport,bbc
kilroy-silk quits shameful ukip ex-chat show host robert kilroy-silk has quit the uk independence party and,politics,bbc
lib dems target the student vote students can decide the fate of mps in some seats,politics,bbc
blunkett hints at election call ex-home secretary david blunkett has given fresh clues that the general,politics,bbc
hotspot users gain free net calls people using wireless net hotspots will soon be able to,tech,bbc
global digital divide narrowing the digital divide between rich and poor nations is narrowing fast according,tech,bbc
microsoft makes anti-piracy move microsoft says it is clamping down on people running pirated versions of,tech,bbc
labour seeks to quell feud talk labour s leadership put on a show of unity at,politics,bbc
dublin hi-tech labs to shut down dublin s hi-tech research laboratory media labs europe is to,tech,bbc
amex shares up on spin-off news shares in american express surged more than 8% on tuesday,business,bbc
wi-fi web reaches farmers in peru a network of community computer centres linked by wireless technology,tech,bbc
jowell rejects las vegas jibe the secretary of state for culture media and sport tessa jowell,politics,bbc
slowdown hits us factory growth us industrial production increased for the 21st month in a row,business,bbc
talks aim to avert pension strike talks aimed at averting a series of national strikes over,politics,bbc
greek sprinters suspended by iaaf greek sprinters kostas kenteris and katerina thanou have been suspended after,sport,bbc
beattie return calms attack fears everton striker james beattie has been declared fit for training on,sport,bbc
green reports shun supply chain nearly 20% more uk top 250 firms produced non-financial reports on,business,bbc
games maker fights for survival one of britain s largest independent game makers argonaut games has,tech,bbc
moya emotional at davis cup win carlos moya described spain s davis cup victory as the,sport,bbc
charvis set to lose fitness bid flanker colin charvis is unlikely to play any part in,sport,bbc
us retail sales surge in december us retail sales ended the year on a high note,business,bbc
liberian economy starts to grow the liberian economy started to grow in 2004 but sustained and,business,bbc
ex-boeing director gets jail term an ex-chief financial officer at boeing has received a four-month jail,business,bbc
ronaldo considering new contract manchester united winger cristiano ronaldo said he is close to agreeing to,sport,bbc
venezuela reviews foreign deals venezuela is to review all foreign investment in its mining industries in,business,bbc
pavey focuses on indoor success jo pavey will miss january s view from great edinburgh international,sport,bbc
rusedski angry over supplements greg rusedski has criticised the governing body of men s tennis for,sport,bbc
concerns at school diploma plan final appeals are being made for the government not to ditch,politics,bbc
owen delighted with real display michael owen revelled in his return to the to the real,sport,bbc
scots smoking ban details set out smoke-free areas will save lives and improve scotland s health,politics,bbc
labour plans maternity pay rise maternity pay for new mothers is to rise by £1 400,politics,bbc
ailing eurodisney vows turnaround eurodisney the european home of mickey mouse and friends has said it,business,bbc
holmes secures comeback victory britain s kelly holmes marked her first appearance on home soil since,sport,bbc
brown ally rejects budget spree chancellor gordon brown s closest ally has denied suggestions there will,politics,bbc
duff ruled out of barcelona clash chelsea s damien duff has been ruled out of wednesday,sport,bbc
ex-pm lord callaghan dies aged 92 former labour prime minister lord callaghan has died on the,politics,bbc
top judge clashes with ministers the uk s top judge has revealed he has clashed with,politics,bbc
remote control rifle range debuts soon you could go hunting via the net.,tech,bbc
coach ranieri sacked by valencia claudio ranieri has been sacked as valencia coach just eight months,sport,bbc
bortolami predicts dour contest italy skipper marco bortolami believes saturday s six nations contest against scotland,sport,bbc
henman decides to quit davis cup tim henman has retired from great britain s davis cup,sport,bbc
kerr frustrated at victory margin republic of ireland manager brian kerr admitted he was frustrated his,sport,bbc
qantas considers offshore option australian airline qantas could transfer as many as 7 000 jobs out,business,bbc
ukraine strikes turkmen gas deal ukraine has agreed to pay 30% more for natural gas supplied,business,bbc
o connell rejects lions rumours ireland and munster lock paul o connell has dismissed media reports,sport,bbc
thomas out of six nations wales captain gareth thomas has been ruled out of the rest,sport,bbc
vickery upbeat about arm injury england prop phil vickery is staying positive despite a broken arm,sport,bbc
more movies head to sony s psp movies open water and saw are among those to,tech,bbc
rich grab half colombia poor fund half of the money put aside by the colombian government,business,bbc
whitehall cuts ahead of target thousands of civil service jobs have already been cut or moved,politics,bbc
disaster claims less than $10bn insurers have sought to calm fears that they face huge losses,business,bbc
kenya lift chepkemei s suspension kenya s athletics body has reversed a ban on marathon runner,sport,bbc
ukip candidate suspended eurosceptic party ukip have suspended a candidate for allegedly suggesting the criminally insane,politics,bbc
cabinet anger at brown cash raid ministers are unhappy about plans to use whitehall cash to,politics,bbc
o driscoll saves irish blushes two moments of magic from brian o driscoll guided ireland to,sport,bbc
us interest rates increased to 2% us interest rates are to rise for the fourth time,business,bbc
french consumer spending rising french consumers increased their spending by 1.5% in january a figure which,business,bbc
indian oil firm eyes yukos assets india s biggest oil exploration firm oil & natural gas,business,bbc
ferguson rues failure to cut gap boss sir alex ferguson was left ruing manchester united s,sport,bbc
radcliffe proves doubters wrong this won t go down as one of the greatest marathons of,sport,bbc
how political squabbles snowball it s become commonplace to argue that blair and brown are like,politics,bbc
chancellor rallies labour voters gordon brown has issued a rallying cry telling supporters the stakes are,politics,bbc
borussia dortmund near bust german football club and former european champion borussia dortmund has warned it,business,bbc
us casino tricks face ban in uk controversial new uk casinos will be banned from using,politics,bbc
friends fear with lost mobiles people are becoming so dependent on their mobile phones that one,tech,bbc
what high-definition will do to dvds first it was the humble home video then it was,tech,bbc
collins banned in landmark case sprinter michelle collins has received an eight-year ban for doping offences,sport,bbc
santini resigns as spurs manager tottenham manager jacques santini has resigned for  personal reasons .,sport,bbc
chelsea sack mutu chelsea have sacked adrian mutu after he failed a drugs test.,sport,bbc
hunt ban support is in decline support for a ban on hunting has fallen in the,politics,bbc
swap offer for pirated windows xp computer giant microsoft has launched a pilot scheme to replace,tech,bbc
dollar hits new low versus euro the us dollar has continued its record-breaking slide and has,business,bbc
benitez joy as reds take control liverpool boss rafael benitez was satisfied after his team s,sport,bbc
glazer makes new man utd approach malcolm glazer has made a fresh approach to buy manchester,business,bbc
smith aims to bring back respect scotland manager walter smith says he wants to restore the,sport,bbc
middlesbrough 2-2 charlton a late header by teenager danny graham earned middlesbrough a battling draw with,sport,bbc
kilroy launches veritas party ex-bbc chat show host and east midlands mep robert kilroy-silk said he,politics,bbc
klinsmann issues lehmann warning germany coach jurgen klinsmann has warned goalkeeper jens lehmann he may have,sport,bbc
crisis ahead in social sciences a national body designed to tackle skills shortages in key subjects,politics,bbc
fa decides not to punish mourinho the football association will take no action against chelsea boss,sport,bbc
irish markets reach all-time high irish shares have risen to a record high with investors persuaded,business,bbc
hunt demo at labour meeting pro-hunt supporters are set to protest at labour s spring conference.,politics,bbc
sony psp console hits us in march us gamers will be able to buy sony s,tech,bbc
cole refuses to blame van persie ashley cole has refused to blame robin van persie for,sport,bbc
economy strong in election year uk businesses are set to prosper during the next few months,business,bbc
talks aim to avert pension strike talks aimed at averting a series of national strikes over,politics,bbc
yukos heading back to us courts russian oil and gas company yukos is due in a,business,bbc
mps murder sentence concern murder sentences should not be reduced automatically simply because of a guilty,politics,bbc
iranian mps threaten mobile deal turkey s biggest private mobile firm could bail out of a,business,bbc
astrazeneca hit by drug failure shares in anglo-swedish drug have closed down 8% in uk trade,business,bbc
whitehall shredding increasing - tories civil servants have drastically stepped up the shredding of official documents,politics,bbc
cup holders man utd visit everton holders manchester united and premiership leaders chelsea both face difficult,sport,bbc
jones medals must go if guilty world anti-doping agency (wada) chief dick pound says marion jones,sport,bbc
tories pledge free sports lessons children would be offered two hours free sports training a week,politics,bbc
looks and music to drive mobiles mobile phones are still enjoying a boom time in sales,tech,bbc
lewis-francis eyeing world gold mark lewis-francis says his olympic success has made him determined to bag,sport,bbc
golden economic period to end ten years of golden economic performance may come to an end,business,bbc
best person for top legal job the best person for the job should be appointed lord,politics,bbc
henry tipped for fifa award fifa president sepp blatter hopes arsenal s thierry henry will be,sport,bbc
the ticking budget facing the us the budget proposals laid out by the administration of us,business,bbc
llewellyn plans wales retirement wales record cap holder gareth llewellyn will retire from test rugby at,sport,bbc
royal couple watch nation s mood prince charles and camilla parker bowles are awaiting the nation,politics,bbc
mps demand budget leak answers ministers have been asked to explain how budget details were printed,politics,bbc
blair stresses prosperity goals tony blair says his party s next manifesto will be unremittingly new,politics,bbc
musicians upbeat about the net musicians are embracing the internet as a way of reaching new,tech,bbc
hague s six-figure earnings shown the rewards of leaving front-bench politics are shown in the latest,politics,bbc
holmes feted with further honour double olympic champion kelly holmes has been voted european athletics (eaa),sport,bbc
wembley firm won t make a profit shares in multiplex group which is building the new,business,bbc
blair blasts tory spending plans tony blair has launched an attack on conservative spending plans saying,politics,bbc
butler launches attack on blair former civil service chief lord butler has criticised the way tony,politics,bbc
google s toolbar sparks concern search engine firm google has released a trial tool which is,tech,bbc
collins appeals against drugs ban sprinter michelle collins has lodged an appeal against her eight-year doping,sport,bbc
brown names 16 march for budget chancellor gordon brown will deliver his budget to the house,politics,bbc
battered dollar hits another low the dollar has fallen to a new record low against the,business,bbc
election deal faltered over heath role the tories failed to hold onto power in 1974 after,politics,bbc
standard life concern at lse bid standard life is the latest shareholder in deutsche boerse to,business,bbc
peers debate crown succession law peers are debating proposals to change the rules governing the succession,politics,bbc
intel unveils laser breakthrough intel has unveiled research that could mean data is soon being moved,tech,bbc
tory expert denies defeatism the conservatives campaign director has denied a report claiming he warned michael,politics,bbc
robinson answers critics england captain jason robinson has rubbished suggestions that the world champions are a,sport,bbc
no-one can define new hunt ban the new law banning hunting with dogs is so poorly,politics,bbc
nintendo ds aims to touch gamers the mobile gaming industry is set to explode in 2005,tech,bbc
feta cheese battle reaches court a row over whether only greece should be allowed to label,business,bbc
holmes urged to compete at worlds jolanda ceplak has urged britain s kelly holmes to continue,sport,bbc
nuclear dumpsite plan attacked plans to allow foreign nuclear waste to be permanently stored in the,politics,bbc
prime minister s questions so who if anyone is playing politics with the security of the,politics,bbc
profits slide at india s dr reddy profits at indian drugmaker dr reddy s fell 93%,business,bbc
profits stall at china s lenovo profits at chinese computer firm lenovo have stood still amid,business,bbc
japan turns to beer alternatives japanese brewers are increasingly making money from beer-flavoured drinks rather than,business,bbc
mcilroy wins 800m indoor title james mcilroy motored to the aaa s indoor 800m title in,sport,bbc
dibaba breaks 5 000m world record ethiopia s tirunesh dibaba set a new world record in,sport,bbc
us trade gap hits record in 2004 the gap between us exports and imports hit an,business,bbc
eu ministers to mull jet fuel tax european union finance ministers are meeting on thursday in,business,bbc
web radio takes spanish rap global spin the radio dial in the us and you are,tech,bbc
dominici backs lacklustre france wing christophe dominici says france can claim another six nations grand slam,sport,bbc
vw considers opening indian plant volkswagen is considering building a car factory in india but said,business,bbc
web logs aid disaster recovery some of the most vivid descriptions of the devastation in southern,tech,bbc
portable playstation ready to go sony s playstation portable (psp) will go on sale in japan,tech,bbc
french suitor holds lse meeting european stock market euronext has met with the london stock exchange,business,bbc
will tory tax cuts lift spirits michael howard has finally revealed the full scale of his,politics,bbc
broadband in the uk gathers pace one person in the uk is joining the internet s,tech,bbc
howard denies split over id cards michael howard has denied his shadow cabinet was split over,politics,bbc
more power to the people says hp the digital revolution is focused on letting people tell,tech,bbc
nintendo handheld given euro date nintendo s new handheld console the ds will launch in europe,tech,bbc
wilkinson to miss ireland match england will have to take on ireland in the six nations,sport,bbc
low-cost airlines hit eurotunnel channel tunnel operator eurotunnel has seen sales fall in the face of,business,bbc
will the budget bring out smiling voters as tory spokesman oliver letwin said - any chancellor,politics,bbc
jowell confirms casino climbdown tessa jowell has announced plans to limit the number of new casinos,politics,bbc
csa could close says minister ministers would not rule out scrapping the child support agency if,politics,bbc
halo 2 sells five million copies microsoft is celebrating bumper sales of its xbox sci-fi shooter,tech,bbc
the force is strong in battlefront the warm reception that has greeted star wars: battlefront is,tech,bbc
johnson edges out rival sotherton jade johnson edged out rival kelly sotherton with her last effort,sport,bbc
yukos seeks court action on sale yukos will return to a us court on wednesday to,business,bbc
kennedy questions trust of blair lib dem leader charles kennedy has said voters now have a,politics,bbc
butler strikes gold in spain britain s kathy butler continued her impressive year with victory in,sport,bbc
uk pledges £1bn to vaccine effort uk chancellor gordon brown has offered £960m ($1.8bn) over 15,politics,bbc
air passengers win new eu rights air passengers who are unable to board their flights because,business,bbc
digital uk driven by net and tv the uk s adoption of digital tv and broadband,tech,bbc
murray returns to scotland fold euan murray has been named in the scotland training squad after,sport,bbc
thousands join strike in wales thousands of civil servants were on strike across wales on friday,politics,bbc
howard rebuts asylum criticisms tory leader michael howard has gone on the offensive in response to,politics,bbc
robinson ready for difficult task england coach andy robinson faces the first major test of his,sport,bbc
terror detainees win lords appeal detaining foreign terrorist suspects without trial breaks human rights laws the,politics,bbc
sony psp handheld console hits us the latest handheld gaming gadget sony s playstation portable goes,tech,bbc
henin-hardenne beaten on comeback justine henin-hardenne lost to elena dementieva in a comeback exhibition match in,sport,bbc
rank set to sell off film unit leisure group rank could unveil plans to demerge its,business,bbc
johnson accuses british sprinters former olympic champion michael johnson has accused britain s top sprinters of,sport,bbc
borders 19-20 ulster ulster clung on for a morale-boosting celtic league win over bottom club borders,sport,bbc
sluggish economy hits german jobs the number of people out of work in europe s largest,business,bbc
ukraine steel sell-off illegal the controversial sell-off of a ukrainian steel mill to a relative of,business,bbc
wada will appeal against ruling the world anti-doping agency (wada) will appeal against the acquittal of,sport,bbc
air jamaica back in state control the jamaican government is regaining control of air jamaica in,business,bbc
plan to give elderly care control elderly and disabled people would choose how their own budget,politics,bbc
tories opposing 24-hour drinking the tories say plans to extend pub opening times should be put,politics,bbc
japanese mogul arrested for fraud one of japan s best-known businessmen was arrested on thursday on,business,bbc
video phone help for deaf people deaf people who prefer to communicate using british sign language,tech,bbc
brewers profits lose their fizz heineken and carlsberg two of the world s largest brewers have,business,bbc
claxton hunting first major medal british hurdler sarah claxton is confident she can win her first,sport,bbc
uk heading wrong way - howard tony blair has had the chance to tackle the problems,politics,bbc
wenger rules out new keeper arsenal boss arsene wenger says he has no plans to sign,sport,bbc
india s reliance family feud heats up the ongoing public spat between the two heirs of,business,bbc
khodorkovsky ally denies charges a close associate of former yukos boss mikhail khodorkovsky has told a,business,bbc
china continues rapid growth china s economy has expanded by a breakneck 9.5% during 2004 faster,business,bbc
have hackers recruited your pc more than one million computers on the net have been hijacked,tech,bbc
tigers wary of farrell gamble leicester say they will not be rushed into making a bid,sport,bbc
security scares spark browser fix microsoft is working on a new version of its internet explorer,tech,bbc
dunne keen to commit to man city richard dunne is ready to commit his long-term future,sport,bbc
us trade deficit widens sharply the gap between us exports and imports has widened to more,business,bbc
us top of supercomputing charts the us has pushed japan off the top of the supercomputing,tech,bbc
mac mini heralds mini revolution the mac mini was launched amid much fanfare by apple and,tech,bbc
holmes starts 2005 with gb events kelly holmes will start 2005 with a series of races,sport,bbc
wood - ireland can win grand slam former captain keith wood believes ireland can win only,sport,bbc
novartis hits acquisition trail swiss drugmaker novartis has announced 5.65bn euros ($7.4bn; £3.9bn) of purchases to,business,bbc
stalemate in pension strike talks talks aimed at averting national strikes over pension reforms have ended,politics,bbc
hague given up his pm ambition former conservative leader william hague says he will not stand,politics,bbc
bristol city 2-1 milton keynes leroy lita took his goal tally to 13 for the season,sport,bbc
straw backs ending china embargo uk foreign secretary jack straw has defended plans to end the,politics,bbc
what now for british tennis tim henman s decision to quit davis cup tennis has left,sport,bbc
souness delight at euro progress boss graeme souness felt newcastle were never really in danger of,sport,bbc
uk pioneers digital film network the world s first digital cinema network will be established in,tech,bbc
howard attacks cost of asylum michael howard has launched an attack on the cost of britain,politics,bbc
campaign cold calls questioned labour and the conservatives are still telephoning the millions of people who,politics,bbc
tory leader unveils spending plan tory leader michael howard says his party can save £35bn in,politics,bbc
chinese wine tempts italy s illva italy s illva saronno has agreed to buy 33% of,business,bbc
edgy agassi struggles past dent andre agassi put in an erratic display before edging into the,sport,bbc
ukip outspent labour on eu poll the uk independence party outspent both labour and the liberal,politics,bbc
us prepares for hybrid onslaught sales of hybrid cars in the us are set to double,business,bbc
businesses fail to plan for hiv companies fail to draw up plans to cope with hiv/aids,business,bbc
nasdaq planning $100m-share sale the owner of the technology-dominated nasdaq stock index plans to sell shares,business,bbc
blair said he would stand down tony blair promised gordon brown he would stand down before,politics,bbc
cyber criminals step up the pace so-called phishing attacks that try to trick people into handing,tech,bbc
ferguson hails man utd s resolve manchester united s alex ferguson has praised his players gutsy,sport,bbc
super union merger plan touted two of britain s big trade unions could merge to form,politics,bbc
home phones face unclear future the fixed line phone in your home could soon be an,tech,bbc
gadget show heralds mp3 season partners of those who love their hi-tech gear may want to,tech,bbc
beijingers fume over parking fees choking traffic jams in beijing are prompting officials to look at,business,bbc
gsk aims to stop aids profiteers one of the world s largest manufacturers of hiv/aids drugs,business,bbc
football manager scores big time for the past decade or so the virtual football fans among,tech,bbc
file-swappers ready new network legal attacks on websites that help people swap pirated films have forced,tech,bbc
kennedy begins pre-election tour liberal democrat leader charles kennedy has begun a week-long tour to persuade,politics,bbc
macy s owner buys rival for $11bn us retail giant federated department stores is to buy,business,bbc
howard unveils election platform the conservatives would stand up for the forgotten majority michael howard pledged,politics,bbc
uk gets official virus alert site a rapid alerting service that tells home computer users about,tech,bbc
apple unveils low-cost mac mini apple has unveiled a new low-cost macintosh computer for the masses,tech,bbc
internet boom for gift shopping cyberspace is becoming a very popular destination for christmas shoppers.,tech,bbc
us economy still growing says fed most areas of the us saw their economy continue to,business,bbc
home loan approvals rising again the number of mortgages approved in the uk has risen for,business,bbc
umaga ready for fearsome lions all blacks captain tama umaga has warned the british and irish,sport,bbc
france v wales (sat) stade de france paris saturday 26 february 1600 gmt bbc1 radio 4,sport,bbc
brown visits slum on africa trip chancellor gordon brown has visited kenya s biggest shantytown as,politics,bbc
williams stays on despite dispute matt williams insists he has no thoughts of quitting as national,sport,bbc
gazprom in $36m back-tax claim the nuclear unit of russian energy giant gazprom is reportedly facing,business,bbc
gadget market to grow in 2005 the explosion in consumer technology is to continue into 2005,tech,bbc
mobiles get set for visual radio the growth in the mobile phone market in the past,tech,bbc
blunkett unveils policing plans people could be given the mobile phone number of their local bobby,politics,bbc
lib dems target first-time buyers the liberal democrats have unveiled plans to build 100 000 new,politics,bbc
falconer rebuts charade claims concessions on a bill which critics claim would allow euthanasia through the,politics,bbc
steady job growth continues in us the us created fewer jobs than expected in december but,business,bbc
parliament s record of scandal in a locked room at the heart of parliament there is,politics,bbc
wall street cool to ebay s profit shares in online auction house ebay fell 9.8% in,business,bbc
us consumer confidence up consumers confidence in the state of the us economy is at its,business,bbc
consumers drive french economy france s economic growth accelerated in the last three months of 2004,business,bbc
rich pickings for hi-tech thieves viruses trojans and other malicious programs sent on to the net,tech,bbc
veteran martinez wins thai title conchita martinez won her first title in almost five years with,sport,bbc
anti-tremor mouse stops pc shakes a special adaptor that helps people with hand tremors control a,tech,bbc
lse sets date for takeover deal the london stock exchange (lse) is planning to announce a,business,bbc
tories would cut number of mps the conservative party would cut the number of mps by,politics,bbc
tv calls after carroll error spurs boss martin jol said his team were robbed at manchester,sport,bbc
bank opts to leave rates on hold the bank of england has left interest rates on,business,bbc
latest opera browser gets vocal net browser opera 8.0 due for official release at the end,tech,bbc
big guns ease through in san jose top-seeded americans andy roddick and andre agassi survived minor,sport,bbc
woolf murder sentence rethink plans to give murderers lighter sentences if they plead guilty have been,politics,bbc
gb quartet get cross country call four british athletes have been pre-selected to compete at the,sport,bbc
off-colour gardener storms to win britain s jason gardener shook off an upset stomach to win,sport,bbc
media gadgets get moving pocket-sized devices that let people carry around video and images are set,tech,bbc
bekele sets sights on world mark olympic 10 000m champion kenenisa bekele is determined to add,sport,bbc
tsunami to hit sri lanka banks sri lanka s banks face hard times following december s,business,bbc
reboot ordered for eu patent law a european parliament committee has ordered a rewrite of the,tech,bbc
mcdonald s boss bell dies aged 44 charlie bell the straight-talking former head of fast-food giant,business,bbc
mirza makes indian tennis history teenager sania mirza completed a superb week at the hyderabad open,sport,bbc
uk youth interested in politics the majority of young people are interested in politics holding strong,politics,bbc
end bush denial blair tells eu tony blair is urging european leaders to wake up from,politics,bbc
euro firms miss out on optimism more than 90% of large companies around the world are,business,bbc
viewers to be able to shape tv imagine editing titanic down to watch just your favourite,tech,bbc
crossrail link to get go-ahead the £10bn crossrail transport plan backed by business groups is to,business,bbc
lennon brands rangers favourites celtic s neil lennon admits rangers could be considered slight favourites for,sport,bbc
britons growing digitally obese gadget lovers are so hungry for digital data many are carrying the,tech,bbc
mobiles not media players yet mobiles are not yet ready to be all-singing all-dancing multimedia devices,tech,bbc
hong kong in 2011 world cup bid hong kong is hoping to join japan as co-host,sport,bbc
ferguson puts faith in youngsters manchester united manager sir alex ferguson said he has no regrets,sport,bbc
premier league planning cole date the premier league is attempting to find a mutually convenient date,sport,bbc
jp morgan admits us slavery links thousands of slaves were accepted as collateral for loans by,business,bbc
safety alert as gm recalls cars the world s biggest carmaker general motors (gm) is recalling,business,bbc
seamen sail into biometric future the luxury cruise liner crystal harmony currently in the gulf of,tech,bbc
wales make two changes for france wales coach mike ruddock has made two changes from the,sport,bbc
green fear for transport ballot the green party is concerned thousands of residents may not be,politics,bbc
celtic unhappy over bulgaria date martin o neill hopes to block stilian petrov s call-up by,sport,bbc
tories urge change at the top tory delegates are gathering for what is expected to be,politics,bbc
us economy shows solid gdp growth the us economy has grown more than expected expanding at,business,bbc
microsoft releases bumper patches microsoft has warned pc users to update their systems with the latest,tech,bbc
stuart joins norwich from addicks norwich have signed charlton midfielder graham stuart until the end of,sport,bbc
why few targets are better than many the economic targets set out at the lisbon summit,business,bbc
boothroyd calls for lords speaker betty boothroyd has said the house of lords needs its own,politics,bbc
sydney to host north v south game sydney will host a northern versus southern hemisphere charity,sport,bbc
uk coal plunges into deeper loss shares in uk coal have fallen after the mining group,business,bbc
blair joins school sailing trip the prime minister has donned a life jacket and joined school,politics,bbc
bath faced with tindall ultimatum mike tindall s agent has warned bath they have until next,sport,bbc
banker loses sexism claim a former executive at the london offices of merrill lynch has lost,business,bbc
hewitt survives nalbandian epic home favourite lleyton hewitt came through a dramatic five-set battle with argentine,sport,bbc
saab to build cadillacs in sweden general motors the world s largest car maker has confirmed,business,bbc
blair pledges unity to labour mps tony blair has sought to reassure labour backbenchers that nothing,politics,bbc
minimum rate for foster parents foster carers are to be guaranteed a minimum allowance to help,politics,bbc
kenyon denies robben barca return chelsea chief executive peter kenyon has played down reports that arjen,sport,bbc
mobiles rack up 20 years of use mobile phones in the uk are celebrating their 20th,tech,bbc
dawson joins england injury list scrum-half matt dawson is an injury doubt for england s six,sport,bbc
yukos drops banks from court bid russian oil company yukos has dropped the threat of legal,business,bbc
blair to face trust issue head on tony blair says he will be facing the issue,politics,bbc
spurs to sign iceland u21 star tottenham are primed to snap up iceland under-21 international emil,sport,bbc
ec calls truce in deficit battle the european commission (ec) has called a truce in its,business,bbc
computer grid to help the world your computer can now help solve the world s most,tech,bbc
japanese banking battle at an end japan s sumitomo mitsui financial has withdrawn its takeover offer,business,bbc
takeover rumour lifts exel shares shares in storage and delivery firm exel closed up 9% at,business,bbc
cairn shares up on new oil find shares in cairn energy have jumped 6% after the,business,bbc
soderling wins tense milan final fifth seed robin soderling took the milan indoors title with a,sport,bbc
eu aiming to fuel development aid european union finance ministers meet on thursday to discuss proposals,business,bbc
candela completes bolton switch bolton boss sam allardyce has signed roma defender vincent candela on a,sport,bbc
sun offers processing by the hour sun microsystems has launched a pay-as-you-go service which will allow,tech,bbc
liverpool pledge to keep gerrard liverpool chief executive rick parry insists the club will never sell,sport,bbc
wenger handed summer war chest arsenal boss arsene wenger has been guaranteed transfer funds to boost,sport,bbc
how to smash a home computer an executive who froze his broken hard disk thinking it,tech,bbc
consumer concern over rfid tags consumers are very concerned about the use of radio frequency id,tech,bbc
senior fannie mae bosses resign the two most senior executives at us mortgage giant fannie mae,business,bbc
lib dems demand new inquiry a judge should look into the david blunkett controversy as key,politics,bbc
further rise in uk jobless total the uk s jobless total rose for the second month,business,bbc
kennedy questions trust of blair lib dem leader charles kennedy has said voters now have a,politics,bbc
first look at playstation 3 chip some details of the chip inside sony s playstation 3,tech,bbc
pc ownership to double by 2010 the number of personal computers worldwide is expected to double,tech,bbc
wenger dejected as arsenal slump arsenal manager arsene wenger claimed their display in the 3-1 defeat,sport,bbc
sony psp console hits us in march us gamers will be able to buy sony s,tech,bbc
munster cup tie switched to spain munster s heineken cup quarter-final tie against biarritz on 3,sport,bbc
telegraph newspapers axe 90 jobs the daily and sunday telegraph newspapers are axing 90 journalist jobs,business,bbc
rovers reject third ferguson bid blackburn have rejected a third bid from rangers for scotland captain,sport,bbc
yukos unit fetches $9bn at auction a little-known russian company has bought the main production unit,business,bbc
o sullivan commits to dublin race sonia o sullivan will seek to regain her title at,sport,bbc
apple sues tiger file sharers apple has taken more legal action to stop online leaks of,tech,bbc
parmalat to return to stockmarket parmalat the italian dairy company which went bust after an accounting,business,bbc
irish finish with home game republic of ireland manager brian kerr has been granted his wish,sport,bbc
worldcom boss left books alone former worldcom boss bernie ebbers who is accused of overseeing an,business,bbc
car giant hit by mercedes slump a slump in profitability at luxury car maker mercedes has,business,bbc
anelka apologises for criticism manchester city striker nicolas anelka has issued an apology for criticising the,sport,bbc
tories attack eu asylum moves david blunkett has been accused of using the politics of confusion,politics,bbc
finnan says irish can win group steve finnan believes the republic of ireland can qualify directly,sport,bbc
lib dems bold election policy charles kennedy has told voters his liberal democrats will offer them,politics,bbc
moyes u-turn on beattie dismissal everton manager david moyes will discipline striker james beattie after all,sport,bbc
search sites get closer to users search sites want to get to know you better.,tech,bbc
o sullivan keeps his powder dry when you are gunning for glory and ultimate success keeping,sport,bbc
lib dems highlight problem debt people vulnerable to problem debts should be afforded greater protection from,politics,bbc
a decade of good website design the web looks very different today than it did 10,tech,bbc
england given tough sevens draw england will have to negotiate their way through a tough draw,sport,bbc
apple attacked over sources row civil liberties group the electronic frontier foundation (eff) has joined a,tech,bbc
moody joins up with england lewis moody has flown to dublin to join england s camp,sport,bbc
iraqi voters turn to economic issues beyond the desperate security situation in iraq lies an economy,business,bbc
johnson too strong for gb runners britain s kathy butler and hayley yelling were no match,sport,bbc
more reforms ahead says milburn labour will continue to pursue controversial reforms if it wins a,politics,bbc
brizzel to run aaa s in sheffield ballymena sprinter paul brizzel will be among eight of,sport,bbc
hollywood to sue net film pirates the us movie industry has launched legal action to sue,tech,bbc
junk e-mails on relentless rise spam traffic is up by 40% putting the total amount of,tech,bbc
kewell waits as injury drags on liverpool winger harry kewell is struggling to recover from his,sport,bbc
telewest to challenge sky plus cable firm telewest is to offer a personal video recorder (pvr),tech,bbc
satellite mapping aids darfur relief aid workers trying to house feed and clothe millions of homeless,tech,bbc
gm in crunch talks on fiat future fiat will meet car giant general motors (gm) on,business,bbc
highbury tunnel players in clear the football association has said it will not be bringing charges,sport,bbc
london hope over chepkemei london marathon organisers are hoping that banned athlete susan chepkemei will still,sport,bbc
brown targets oaps and homebuyers gordon brown has doubled the level at which house buyers pay,politics,bbc
bt program to beat dialler scams bt is introducing two initiatives to help beat rogue dialler,tech,bbc
asia shares defy post-quake gloom indonesian  indian and hong kong stock markets reached record highs.,business,bbc
world leaders gather to face uncertainty more than 2 000 business and political leaders from around,business,bbc
cole faces lengthy injury lay-off aston villa s carlton cole could be out for six weeks,sport,bbc
news corp eyes video games market news corp the media company controlled by australian billionaire rupert,business,bbc
2d metal slug offers retro fun like some drill sergeant from the past metal slug 3,tech,bbc
argentina venezuela in oil deal argentina and venezuela have extended a food-for-oil deal which helped the,business,bbc
peer-to-peer nets here to stay peer-to-peer (p2p) networks are here to stay and are on the,tech,bbc
format wars could confuse users technology firms sony philips matsushita and samsung are developing a common,tech,bbc
labour s four little words labour has unveiled the four little words that will form the,politics,bbc
african double in edinburgh world 5000m champion eliud kipchoge won the 9.2km race at the view,sport,bbc
uk needs true immigration data a former home office minister has called for an independent body,politics,bbc
new consoles promise big problems making games for future consoles will require more graphic artists and,tech,bbc
podcasts mark rise of diy radio an apple ipod or other digital music players can hold,tech,bbc
britannia members £42m windfall more than 800 000 britannia building society members are to receive a,business,bbc
fa probes crowd trouble the fa is to take action after trouble marred wednesday s carling,sport,bbc
brainwave cap controls computer a team of us researchers has shown that controlling devices with the,tech,bbc
half of uk s mobiles go online multimedia mobile phones are finally showing signs of taking,tech,bbc
henson stakes early lions claim the six nations may be a glittering prize in itself but,sport,bbc
shares hit by ms drug suspension shares in elan and biogen idec plunged on monday as,business,bbc
man auctions ad space on forehead a 20-year-old us man is selling advertising space on his,tech,bbc
dozens held over id fraud site twenty-eight people including a briton have been arrested after a,tech,bbc
stock market eyes japan recovery japanese shares have ended the year at their highest level since,business,bbc
tory leader cleared over work scottish conservative party leader david mcletchie claims he has been cleared,politics,bbc
tories plan migrant health checks non-european union citizens wanting to work in the uk will have,politics,bbc
cannabis hopes for drug firm a prescription cannabis drug made by uk biotech firm gw pharmaceuticals,business,bbc
india s deccan gets more planes air deccan has signed a deal to acquire 36 planes,business,bbc
robotic pods take on car design a new breed of wearable robotic vehicles that envelop drivers,tech,bbc
davenport hits out at wimbledon world number one lindsay davenport has criticised wimbledon over the issue,sport,bbc
serena becomes world number two serena williams has moved up five places to second in the,sport,bbc
gamers snap up new sony psp gamers have bought almost all of the first batch of,tech,bbc
napster offers rented music to go music downloading for those that have rejected the free peer,tech,bbc
campbell lifts lid on united feud arsenal s sol campbell has called the rivalry between manchester,sport,bbc
castaignede fires laporte warning former france fly-half thomas castaignede has warned the pressure is mounting on,sport,bbc
us blogger fired by her airline a us airline attendant suspended over inappropriate images on her,tech,bbc
salary scandal in cameroon cameroon says widespread corruption in its finance ministry has cost it 1bn,business,bbc
$1m payoff for former shell boss shell is to pay $1m (£522 000) to the ex-finance,business,bbc
mixed reaction to man utd offer shares in manchester united were up over 5% by noon,business,bbc
uk helps raped rwandan women britain is to give a £4m grant to help women survivors,politics,bbc
record year for chilean copper chile s copper industry has registered record earnings of $14.2bn in,business,bbc
blair congratulates bush on win tony blair has said he looks forward to continuing his strong,politics,bbc
army chiefs in regiments decision military chiefs are expected to meet to make a final decision,politics,bbc
smart search lets art fans browse if you don t know art but know what you,tech,bbc
japan bank shares up on link talk shares of sumitomo mitsui financial (smfg) and daiwa securities,business,bbc
sport betting rules in spotlight a group of mps and peers has called for a tightening,politics,bbc
blues slam blackburn over savage birmingham have confirmed blackburn made a bid for robbie savage -,sport,bbc
nortel in $300m profit revision telecoms equipment maker nortel networks has sharply revised downwards its profits,business,bbc
gm ford cut output as sales fall us car firms general motors (gm) and ford have,business,bbc
juninho demand for o neill talks juninho s agent has confirmed that the player is hoping,sport,bbc
t-mobile bets on pocket office t-mobile has launched its latest pocket office third-generation (3g) device which,tech,bbc
uk heading wrong way says howard tony blair has had the chance to tackle the problems,politics,bbc
nuclear strike key terror risk the uk and us must realise they cannot prevent all terror,politics,bbc
scots suffer another injury blow scotland s back row crisis has worsened ahead of the rbs,sport,bbc
dvd copy protection strengthened dvds will be harder to copy thanks to new anti-piracy measures devised,tech,bbc
tv s future down the phone line internet tv has been talked about since the start,tech,bbc
cudicini misses carling cup final chelsea goalkeeper carlo cudicini will miss sunday s carling cup final,sport,bbc
markets fall on weak dollar fears rising oil prices and the sinking dollar hit shares on,business,bbc
domain system scam fear a system to make it easier to create website addresses using alphabets,tech,bbc
bad e-mail habits sustains spam the bad behaviour of e-mail users is helping to sustain the,tech,bbc
ukip candidate suspended in probe eurosceptic party ukip have suspended a candidate for allegedly suggesting the,politics,bbc
robots learn robotiquette rules robots are learning lessons on robotiquette - how to behave socially -,tech,bbc
china had role in yukos split-up china lent russia $6bn (£3.2bn) to help the russian government,business,bbc
turkey-iran mobile deal at risk turkey s investment in iran s mobile industry looks set to,business,bbc
fast lifts rise into record books two high-speed lifts at the world s tallest building have,tech,bbc
research fears over kelly s views scientists have expressed concerns that new education secretary ruth kelly,politics,bbc
straw attacked on china arms moves to lift the european union s ban on arms exports,politics,bbc
singapore growth at 8.1% in 2004 singapore s economy grew by 8.1% in 2004 its best,business,bbc
poll explains free-kick decision referee graham poll said he applied the laws of the game in,sport,bbc
bellamy under new fire newcastle boss graeme souness has reopened his dispute with craig bellamy after,sport,bbc
clijsters hope on aussie open kim clijsters has denied reports that she has pulled out of,sport,bbc
ajax refuse to rule out jol move ajax have refused to reveal whether tottenham s boss,sport,bbc
golden rule boost for chancellor chancellor gordon brown has been given a £2.1bn boost in his,business,bbc
gerrard happy at anfield liverpool captain steven gerrard has reiterated his desire to stay at anfield,sport,bbc
us airways staff agree to pay cut a union representing 5 200 flight attendants at bankrupt,business,bbc
roche turns down federer offer australian tennis coach tony roche has turned down an approach from,sport,bbc
honda wins china copyright ruling japan s honda has won a copyright case in beijing further,business,bbc
us bank loses customer details the bank of america has revealed it has lost computer tapes,business,bbc
man utd stroll to cup win wayne rooney made a winning return to everton as manchester,sport,bbc
gurkhas to help tsunami victims britain has offered to send a company of 120 gurkhas to,politics,bbc
johnson uncertain about euro bid jade johnson is undecided about whether to contest next month s,sport,bbc
lords wrong on detainees - straw jack straw has attacked the decision by britain s highest,politics,bbc
us budget deficit to reach $368bn the us budget deficit is set to hit a worse-than-expected,business,bbc
clarke plans migrant point scheme anyone planning to move to the uk will have to pass,politics,bbc
wilkinson to lead england fly-half jonny wilkinson has been named as england s new rugby union,sport,bbc
french wine gets 70m euro top-up the french government is to hand its struggling wine industry,business,bbc
argonaut founder rebuilds empire jez san the man behind the argonaut games group which went into,tech,bbc
half-life 2 sweeps bafta awards pc first person shooter half-life 2 has won six bafta awards,tech,bbc
xbox power cable fire fear microsoft has said it will replace more than 14 million power,tech,bbc
prop jones ready for hard graft adam jones says the wales forwards are determined to set,sport,bbc
navratilova hits out at critics martina navratilova has defended her decision to prolong her tennis career,sport,bbc
federer forced to dig deep top seed roger federer had to save two match points before,sport,bbc
when technology gets personal in 2020 whipping out your mobile phone to make a call will,tech,bbc
high fuel costs hit us airlines two of the largest airlines in the us - american,business,bbc
uk economy ends year with spurt the uk economy grew by an estimated 3.1% in 2004,business,bbc
card fraudsters targeting web new safeguards on credit and debit card payments in shops has led,business,bbc
s korean consumers spending again south korea looks set to sustain its revival thanks to renewed,business,bbc
hamm bows out for us women s football legend mia hamm has played her final game.,sport,bbc
venus stunned by farina elia venus williams suffered a first-round defeat for the first time in,sport,bbc
giant waves damage s asia economy governments aid agencies insurers and travel firms are among those,business,bbc
krispy kreme shares hit shares in krispy kreme doughnuts have taken a dunking on wall street,business,bbc
thompson says gerrard should stay liverpool legend phil thompson has pleaded with steve gerrard to reject,sport,bbc
benitez delight after crucial win liverpool manager rafael benitez admitted victory against deportivo la coruna was,sport,bbc
nhs waiting time target is cut hospital waiting times for patients in wales are to be,politics,bbc
nadal marches on in mexico rafael nadal continued his run of fine form to beat guillermo,sport,bbc
double injury blow strikes wales wales centre sonny parker and number eight ryan jones will miss,sport,bbc
sales fail to boost high street the january sales have failed to help the uk high,business,bbc
everton s weir cools euro hopes everton defender david weir has played down talk of european,sport,bbc
us adds more jobs than expected the us economy added 337 000 jobs in october -,business,bbc
agassi fear for melbourne andre agassi s involvement in the australian open was put in doubt,sport,bbc
new yob targets to be unveiled fifty new areas getting special help to fight anti-social behaviour,politics,bbc
solskjaer raises hopes of return manchester united striker ole gunnar solskjaer said he hoped to return,sport,bbc
t-mobile bets on pocket office t-mobile has launched its latest pocket office third-generation (3g) device which,tech,bbc
ireland surge past scots ireland maintained their six nations grand slam ambitions with an impressive victory,sport,bbc
saint-andre anger at absent stars sale sharks director of rugby philippe saint-andre has re-opened rugby s,sport,bbc
wolves appoint hoddle as manager glenn hoddle has been unveiled as the new wolves manager.,sport,bbc
anglers could face prosecution anglers and fishermen could find themselves prosecuted under plans to crack down,politics,bbc
custody death rate shocks mps deaths in custody have reached shocking levels a committee of mps,politics,bbc
brussels raps mobile call charges the european commission has written to the mobile phone operators vodafone,business,bbc
real in talks over gravesen move real madrid are closing in on a £2m deal for,sport,bbc
robben and cole earn chelsea win cheslea salvaged a win against a battling portsmouth side just,sport,bbc
web photo storage market hots up an increasing number of firms are offering web storage for,tech,bbc
oil companies get russian setback international oil and mining companies have reacted cautiously to russia s,business,bbc
mourinho receives robson warning sir bobby robson has offered chelsea boss jose mourinho some advice on,sport,bbc
dallaglio his own man to the end controversy and lawrence dallaglio have never been very far,sport,bbc
vodafone appoints new japan boss vodafone has drafted in its uk chief executive william morrow to,business,bbc
absa and barclays talks continue south africa biggest retail bank absa has said it is still,business,bbc
dollar drops on reserves concerns the us dollar has dropped against major currencies on concerns that,business,bbc
federer joins all-time greats the last year has seen one player dominate men s tennis and,sport,bbc
ask jeeves joins web log market ask jeeves has bought the bloglines website to improve the,tech,bbc
connors boost for british tennis former world number one jimmy connors is planning a long-term relationship,sport,bbc
us woman sues over cartridges a us woman is suing hewlett packard (hp) saying its printer,tech,bbc
lib dems unveil women s manifesto the liberal democrats are attempting to woo female voters with,politics,bbc
gm issues 2005 profits warning general motors has warned that it expects earnings this year be,business,bbc
wales stars need a rest - ruddock wales coach mike ruddock has defended his decision not,sport,bbc
criminal probe on citigroup deals traders at us banking giant citigroup are facing a criminal investigation,business,bbc
davies favours gloucester future wales hooker mefin davies is likely to stay with english side gloucester,sport,bbc
brazil jobless rate hits new low brazil s unemployment rate fell to its lowest level in,business,bbc
q&a: malcolm glazer and man utd the battle for control of manchester united has taken another,business,bbc
delta cuts fares in survival plan delta air lines is cutting domestic fares by as much,business,bbc
warning over windows word files writing a microsoft word document can be a dangerous business according,tech,bbc
bank payout to pinochet victims a us bank has said it will donate more than $8m,business,bbc
sociedad set to rescue mladenovic rangers are set to loan out-of-favour midfielder dragan mladenovic to real,sport,bbc
indy buys into india paper irish publishing group independent news & media is buying up a,business,bbc
teens know little of politics teenagers questioned for a survey have shown little interest in politics,politics,bbc
immigration to be election issue immigration and asylum have normally been issues politicians from the big,politics,bbc
clijsters could play aussie open kim clijsters has denied reports that she has pulled out of,sport,bbc
mobile audio enters new dimension as mobile phones move closer to being a ubiquitous all-in-one media,tech,bbc
ref stands by scotland decisions the referee from saturday s france v scotland six nations match,sport,bbc
italy aim to rattle england italy coach john kirwan believes his side can upset england as,sport,bbc
councils prepare to set tax rises council tax in scotland is set to rise by an,politics,bbc
yukos bankruptcy not us matter russian authorities do not have to abide by any us court,business,bbc
bmw cash to fuel mini production less than four years after the new mini was launched,business,bbc
libya takes $1bn in unfrozen funds libya has withdrawn $1bn in assets from the us assets,business,bbc
tv debate urged for party chiefs broadcasters should fix a date for a pre-election televised debate,politics,bbc
spain coach faces racism inquiry spain s football federation has initiated disciplinary action against national coach,sport,bbc
roddick into san jose final andy roddick will play cyril saulnier in the final of the,sport,bbc
trade gap narrows as exports rise the uk s trade gap narrowed in november helped by,business,bbc
safin cool on wimbledon newly-crowned australian open champion marat safin has ruled out any chance of,sport,bbc
2d metal slug offers retro fun like some drill sergeant from the past metal slug 3,tech,bbc
us woman sues over ink cartridges a us woman is suing hewlett packard (hp) saying its,tech,bbc
roddick in talks over new coach andy roddick is reportedly close to confirming us davis cup,sport,bbc
owen set for skipper role wales number eight michael owen says replacing gareth thomas as wales,sport,bbc
progress on new internet domains by early 2005 the net could have two new domain names.,tech,bbc
call to save manufacturing jobs the trades union congress (tuc) is calling on the government to,business,bbc
profile: gordon brown the ultimate prize of 10 downing street may continue to elude him but,politics,bbc
game makers get xbox 2 sneak peek microsoft has given game makers a glimpse of the,tech,bbc
english clubs make euro history all four of england s champions league representatives have reached the,sport,bbc
mobile music challenges ipod age nokia and microsoft have agreed a deal to work on delivery,tech,bbc
bortolami predicts dour contest italy skipper marco bortolami believes saturday s six nations contest against scotland,sport,bbc
officials respond in court row australian tennis top official has defended the australian open courts at,sport,bbc
call for kenteris to be cleared kostas kenteris lawyer has called for the doping charges against,sport,bbc
blair labour s longest-serving pm tony blair has become the labour party s longest-serving prime minister.,politics,bbc
qwest may spark mci bidding war us phone company qwest has said it will table a,business,bbc
mobile gig aims to rock 3g forget about going to a crowded bar to enjoy a,tech,bbc
doors open at biggest gadget fair thousands of technology lovers and industry experts have gathered in,tech,bbc
worcester v sale (fri) sixways friday 25 february 2000 gmt they make just one change with,sport,bbc
european losses hit gm s profits general motors (gm) saw its net profits fall 37% in,business,bbc
brown to outline presidency goals next year will be make or break for development in poorer,politics,bbc
brown names 16 march for budget chancellor gordon brown will deliver his budget to the house,politics,bbc
gold falls on imf sale concerns the price of gold has fallen after the international monetary,business,bbc
humanoid robot learns how to run car-maker honda s humanoid robot asimo has just got faster,tech,bbc
mourinho defiant on chelsea form chelsea boss jose mourinho has insisted that sir alex ferguson and,sport,bbc
new foot and mouth action urged a senior tory mp has criticised agriculture department defra s,politics,bbc
taxes must be trusted - kennedy public trust in taxes is breaking down because labour and,politics,bbc
iraqis win death test case probe the family of an iraqi civilian allegedly killed by uk,politics,bbc
mcclaren targets champions league middlesbrough boss steve mcclaren believes his side can clinch a top-four spot,sport,bbc
redknapp s saints face pompey tie new southampton manager harry redknapp faces an immediate reunion with,sport,bbc
tough rules for ringtone sellers firms that flout rules on how ringtones and other mobile extras,tech,bbc
galloway plea for hostage release ex-labour mp george galloway has appealed for the release of aid,politics,bbc
hitler row over welsh arts cash an artist critical of welsh arts funding being brought under,politics,bbc
peugeot deal boosts mitsubishi struggling japanese car maker mitsubishi motors has struck a deal to supply,business,bbc
fosters buys stake in winemaker australian brewer fosters has bought a large stake in australian winemaker,business,bbc
india s maruti sees profits jump india s biggest carmaker maruti has reported a sharp increase,business,bbc
sa unveils more for all budget the south african government has put tax cuts and increased,business,bbc
few ready for information act thousands of public bodies are ill-prepared for the freedom of information,politics,bbc
labour mps fears over squabbling if there is one thing certain to stiffen the spines of,politics,bbc
microsoft debuts security tools microsoft is releasing tools that clean up pcs harbouring viruses and spyware.,tech,bbc
sporting rivals go to extra time the current slew of sports games offers unparalleled opportunities for,tech,bbc
mp s shock at long lost daughter labour mp stephen pound has told of his shock,politics,bbc
no half measures with half-life 2 could half-life 2 possibly live up to the hype after,tech,bbc
ultimate game award for doom 3 sci-fi shooter doom 3 has blasted away the competition at,tech,bbc
china ripe for media explosion asia is set to drive global media growth to 2008 and,tech,bbc
malaysia lifts islamic bank limit malaysia s central bank is to relax restrictions on foreign ownership,business,bbc
microsoft gets the blogging bug software giant microsoft is taking the plunge into the world of,tech,bbc
weak end-of-year sales hit next next has said its annual profit will be £5m lower than,business,bbc
abbas will not tolerate attacks palestinian leader mahmoud abbas has said he will not tolerate attacks,politics,bbc
search wars hit desktop pcs another front in the on-going battle between microsoft and google is,tech,bbc
circuit city gets takeover offer circuit city stores the second-largest electronics retailer in the us has,business,bbc
finding new homes for old phones re-using old mobile phones is not just good for the,tech,bbc
no more concessions on terror charles clarke says he has no desire to offer more concessions,politics,bbc
lesotho textile workers lose jobs six foreign-owned textile factories have closed in lesotho leaving 6 650,business,bbc
hingis hints at playing comeback martina hingis has admitted that she might consider a competitive return,sport,bbc
all black magic: new zealand rugby playing colours:  all black  the haka and more!,sport,bbc
jack cunningham to stand down veteran labour mp and former cabinet minister jack cunningham has said,politics,bbc
games deserve a place in class computer games could enhance learning and have a legitimate place,tech,bbc
balco case trial date pushed back the trial date for the bay area laboratory cooperative (balco),sport,bbc
weak dollar trims cadbury profits the world s biggest confectionery firm cadbury schweppes has reported a,business,bbc
campbell: e-mail row silly fuss ex-no 10 media chief alastair campbell is at the centre of,politics,bbc
palestinian economy in decline despite a short-lived increase in palestinian jobs in 2003 the economy is,business,bbc
millions buy mp3 players in us one in 10 adult americans - equivalent to 22 million,tech,bbc
protesters plan airport challenge campaigners against the expansion of britain s airports have begun challenging the,politics,bbc
wales hails new superstar one game into his six nations career and gavin henson is already,sport,bbc
parmalat bank barred from suing bank of america has been banned from suing parmalat the food,business,bbc
santy worm makes unwelcome visit thousands of website bulletin boards have been defaced by a virus,tech,bbc
warnings about junk mail deluge the amount of spam circulating online could be about to undergo,tech,bbc
fit-again betsen in france squad france have brought flanker serge betsen back into their squad to,sport,bbc
oil prices fall back from highs oil prices retreated from four-month highs in early trading on,business,bbc
conservative backing for id cards the tories are to back controversial government plans to introduce id,politics,bbc
jones happy with henson heroics wales fly-half stephen jones admitted he was happy to hand gavin,sport,bbc
iran budget seeks state sell-offs iran s president mohammad khatami has unveiled a budget designed to,business,bbc
blair and brown criticised by mps labour mps have angrily criticised tony blair and gordon brown,politics,bbc
kennedy looks to election gains they may not know quite how to describe their position in,politics,bbc
schools to take part in mock poll record numbers of schools across the uk are to,politics,bbc
saudi ncci s shares soar shares in saudi arabia s national company for cooperative insurance (ncci),business,bbc
lloyd s of london head chides fsa the head of lloyd s of london the insurance,business,bbc
dementieva prevails in hong kong elena dementieva swept aside defending champion venus williams 6-3 6-2 to,sport,bbc
mido makes third apology ahmed mido hossam has made another apology to the egyptian people in,sport,bbc
bombardier chief to leave company shares in train and plane-making giant bombardier have fallen to a,business,bbc
profile: david blunkett before he resigned the position of home secretary on wednesday david blunkett had,politics,bbc
south african car demand surges car manufacturers with plants in south africa including bmw general motors,business,bbc
martinez sees off vinci challenge veteran spaniard conchita martinez came from a set down to beat,sport,bbc
microsoft seeking spyware trojan microsoft is investigating a trojan program that attempts to switch off the,tech,bbc
id theft surge hits us consumers almost a quarter of a million us consumers complained of,business,bbc
hitzlsperger waiting on o leary aston villa s thomas hitzlsperger is waiting to learn the future,sport,bbc
tories reject rethink on axed mp sacked mp howard flight s local conservative association has insisted,politics,bbc
what s next for next-gen consoles the next generation of video games consoles are in development,tech,bbc
apple ipod family expands market apple has expanded its ipod family with the release of its,tech,bbc
camera phones are must-haves four times more mobiles with cameras in them will be sold in,tech,bbc
game warnings must be clearer violent video games should carry larger warnings so parents can understand,politics,bbc
strong dollar call halts slide the us dollar s slide against the euro and yen has,business,bbc
chelsea hold arsenal a gripping game between arsenal and chelsea ended with the honours finishing even,sport,bbc
lifestyle governs mobile choice faster better or funkier hardware alone is not going to help phone,tech,bbc
worldcom director ends evidence the former chief financial officer at us telecoms firm worldcom has finished,business,bbc
mild winter drives us oil down 6% us oil prices have fallen by 6% driven down,business,bbc
tsunami to cost sri lanka $1.3bn sri lanka faces a $1.3bn (£691m) bill in 2005 for,business,bbc
o driscoll/gregan lead aid stars ireland s brian o driscoll will lead the northern hemisphere team,sport,bbc
wenger offers mutu hope arsenal boss arsene wenger would consider signing adrian mutu once the striker,sport,bbc
parties build up poll war chests the labour party received more than £5m in donations in,politics,bbc
blair sees greater bush consensus george w bush will display a more consensual approach to world,politics,bbc
fox attacks blair s tory lies tony blair lied when he took the uk to war,politics,bbc
yukos sues four firms for $20bn russian oil firm yukos has sued four companies for their,business,bbc
khodorkovsky quits yukos shares jailed tycoon mikhail khodorkovsky has transferred his controlling stake in oil giant,business,bbc
parker misses england clash tom shanklin will start in the centre for wales against england in,sport,bbc
mallon wades into ne vote battle middlesbrough mayor ray mallon has been drafted in to boost,politics,bbc
anti-spam laws bite spammer hard the net s self-declared spam king is seeking bankruptcy protection.,tech,bbc
lib dems predict best ever poll the lib dems are set for their best results in,politics,bbc
tories unveil quango blitz plans plans to abolish 162 quangos have been unveiled by the conservatives,politics,bbc
fear will help france - laporte france coach bernard laporte believes his team will be scared,sport,bbc
running around the olympics it was back to official duties last week in my role as,sport,bbc
donor attacks blair-brown feud the reported feud between tony blair and gordon brown has prompted a,politics,bbc
daimlerchrysler s 2004 sales rise us-german carmaker daimlerchrysler has sold 2.1% more cars in 2004 than,business,bbc
opposition grows to house arrests the conservatives have expressed serious misgivings about government plans for keeping,politics,bbc
eu software patent law faces axe the european parliament has thrown out a bill that would,tech,bbc
net fingerprints combat attacks eighty large net service firms have switched on software to spot and,tech,bbc
o sullivan could run in worlds sonia o sullivan has indicated that she would like to,sport,bbc
asia quake increases poverty risk nearly two million people across asia could be thrown into poverty,business,bbc
blog picked as word of the year the term blog has been chosen as the top,tech,bbc
us duo in first spam conviction a brother and sister in the us have been convicted,tech,bbc
kilroy names election seat target ex-chat show host robert kilroy-silk is to contest the derbyshire seat,politics,bbc
us ahold suppliers face charges us prosecutors have charged nine food suppliers with helping dutch retailer,business,bbc
bush website blocked outside us surfers outside the us have been unable to visit the official,tech,bbc
glaxo aims high after profit fall glaxosmithkline saw its profits fall 9% last year to £6.2bn,business,bbc
commodore finds new lease of life the once-famous commodore computer brand could be resurrected after being,tech,bbc
iranian misses israel match iranian striker vahid hashemian will not travel to israel for bayern munich,sport,bbc
wipro beats forecasts once again wipro india s third-biggest software firm has reported a 60% rise,business,bbc
uk athletics agrees new kit deal uk athletics has agreed a new deal with adidas to,sport,bbc
us manufacturing expands us industrial production increased in december according to the latest survey from the,business,bbc
new drink limit would cut toll more lives than previously thought could be saved by cutting,politics,bbc
wales win in rome wales secured their first away win in the rbs six nations for,sport,bbc
calder fears for scottish rugby former scotland international finlay calder fears civil war at the sru,sport,bbc
kuznetsova failed a drugs test us open champion svetlana kuznetsova has tested positive for a banned,sport,bbc
labour battle plan hides blair the tories have accused tony blair of being terrified of scrutiny,politics,bbc
ds aims to touch gamers the mobile gaming industry is set to explode in 2005 with,tech,bbc
parties warned over grey vote political parties cannot afford to take older uk voters for granted,politics,bbc
china suspends 26 power projects china has ordered a halt to construction work on 26 big,business,bbc
profits jump at china s top bank industrial and commercial bank (icbc) china s biggest lender,business,bbc
wmc profits up amid bid criticism australian mining firm wmc resources has seen a fivefold rise,business,bbc
2004: an irish athletics year 2004 won t be remembered as one of irish athletics great,sport,bbc
britons fed up with net service a survey conducted by pc pro magazine has revealed that,tech,bbc
europe backs digital tv lifestyle how people receive their digital entertainment in the future could change,tech,bbc
bt offers equal access to rivals bt has moved to pre-empt a possible break-up of its,business,bbc
leaders meet over turkish eu bid tony blair has met italian prime minister silvio berlusconi and,politics,bbc
oil rebounds from weather effect oil prices recovered in asian trade on tuesday after falling in,business,bbc
ecb holds rates amid growth fears the european central bank has left its key interest rate,business,bbc
murray to make cup history andrew murray will become britain s youngest-ever davis cup player after,sport,bbc
winn-dixie files for bankruptcy us supermarket group winn-dixie has filed for bankruptcy protection after succumbing to,business,bbc
cyber crime booms in 2004 the last 12 months have seen a dramatic growth in almost,tech,bbc
germany calls for eu reform german chancellor gerhard schroeder has called for radical reform of the,business,bbc
worldcom bosses $54m payout ten former directors at worldcom have agreed to pay $54m (£28.85m) including,business,bbc
broadband soars in 2004 if broadband were a jumbo jet then 2003 would have seen it,tech,bbc
pountney handed ban and fine northampton coach budge pountney has been fined £2 000 and banned,sport,bbc
millions to lose textile jobs millions of the world s poorest textile trade workers will lose,business,bbc
greek duo cleared in doping case sprinters kostas kenteris and katerina thanou have been cleared of,sport,bbc
poll idols face first hurdles vote for me - itv1 s pop idol style talent contest,politics,bbc
two nigerian banks set to merge nigerian banks united bank of africa and standard trust bank,business,bbc
captains lining up for aid match ireland s brian o driscoll is one of four six,sport,bbc
trial date is set for balco case a us judge has set a preliminary trial date,sport,bbc
iraq and afghanistan in wto talks the world trade organisation (wto) is to hold membership talks,business,bbc
sprinter walker quits athletics former european 200m champion dougie walker is to retire from athletics after,sport,bbc
eu china arms ban to be lifted the eu embargo on arms exports to china is,politics,bbc
mcconnell in drunk remark row scotland s first minister has told a group of high school,politics,bbc
blair looks to election campaign tony blair s big speech will be looked back on as,politics,bbc
hereford 1-1 doncaster hereford win 3-1 on penalties.,sport,bbc
supercomputer breaks speed record the us is poised to push japan off the top of the,tech,bbc
bmw drives record sales in asia bmw has forecast sales growth of at least 10% in,business,bbc
blair to face mps amid feud talk tony blair faces his first prime minister s questions,politics,bbc
creator of first apple mac dies jef raskin head of the team behind the first macintosh,tech,bbc
millions to miss out on the net by 2025 40% of the uk s population will,tech,bbc
imf cuts german growth estimate the international monetary fund is to cut its 2005 growth forecast,business,bbc
enron bosses in $168m payout eighteen former enron directors have agreed a $168m (£89m) settlement deal,business,bbc
ultimate game award for doom 3 sci-fi shooter doom 3 has blasted away the competition at,tech,bbc
dundee utd 4-1 aberdeen dundee united eased into the semi-final of the scottish cup with an,sport,bbc
ferguson rues failure to cut gap boss sir alex ferguson was left ruing manchester united s,sport,bbc
protect whistleblowers tuc says the government should change the law to give more protection to employees,politics,bbc
indonesia declines debt freeze indonesia no longer needs the debt freeze offered by the paris club,business,bbc
labour in constituency race row labour s choice of a white candidate for one of the,politics,bbc
baron kinnock makes lords debut former labour leader neil kinnock has officially been made a life,politics,bbc
doors open at biggest gadget fair thousands of technology lovers and industry experts have gathered in,tech,bbc
yelling takes cardiff hat-trick european cross-country champion hayley yelling completed a hat-trick of wins in the,sport,bbc
weak dollar hits reuters revenues at media group reuters slipped 11% during 2004 mainly due to,business,bbc
what high-definition will do to dvds first it was the humble home video then it was,tech,bbc
gallas sees two-horse race chelsea s william gallas believes they will battle it out with arsenal,sport,bbc
blogger grounded by her airline a us airline attendant is fighting for her job after she,tech,bbc
campaign cold calls questioned labour and the conservatives are still telephoning the millions of people who,politics,bbc
web helps collect aid donations the web is helping aid agencies gather resources to help cope,tech,bbc
adriano s chelsea link rejected adriano s agent gilmar rinaldi has insisted that he has had,sport,bbc
ferguson fears milan cutting edge manchester united manager sir alex ferguson said his side s task,sport,bbc
online games play with politics after bubbling under for some time online games broke through onto,tech,bbc
mci shares climb on takeover bid shares in us phone company mci have risen on speculation,business,bbc
intel unveils laser breakthrough intel has said it has found a way to put a silicon-based,tech,bbc
toxic web links help virus spread virus writers have begun using the power of the web,tech,bbc
bad weather hits nestle sales a combination of bad weather rising raw material costs and the,business,bbc
mourinho to escape fa charge chelsea boss jose mourinho will not face any football association action,sport,bbc
market unfazed by aurora setback as the aurora limped back to its dock on 20 january,business,bbc
wales coach elated with win mike ruddock paid tribute to his wales side after they came,sport,bbc
ban hits half-life 2 pirates hard about 20 000 people have been banned from playing the,tech,bbc
newcastle 27-27 gloucester newcastle centre mathew tait answered his critics as he scored one try and,sport,bbc
players sought for $1m prize uk gamers are getting a chance to take part in a,tech,bbc
australia rates at four year high australia is raising its benchmark interest rate to its highest,business,bbc
ireland 19-13 england ireland consigned england to their third straight six nations defeat with a stirring,sport,bbc
fbi agent colludes with analyst a former fbi agent and an internet stock picker have been,business,bbc
virus poses as christmas e-mail security firms are warning about a windows virus disguising itself as,tech,bbc
imf agrees fresh turkey funding turkey has agreed a draft proposal with the international monetary fund,business,bbc
us company admits benin bribery a us defence and telecommunications company has agreed to pay $28.5m,business,bbc
cash gives way to flexible friend spending on credit and debit cards has overtaken cash spending,business,bbc
five million germans out of work germany s unemployment figure rose above the psychologically important level,business,bbc
gates opens biggest gadget fair bill gates has opened the consumer electronics show (ces) in las,tech,bbc
more women turn to net security older people and women are increasingly taking charge of protecting,tech,bbc
time to get tough on friendlies for an international manager a friendly provides an important opportunity,sport,bbc
weak data buffets french economy a batch of downbeat government data has cast doubt over the,business,bbc
sfa awaits report over mikoliunas the scottish football association is awaiting referee hugh dallas s report,sport,bbc
parry puts gerrard above money listen to the full interview on sport on five and the,sport,bbc
last chance warning for voters people in england scotland and wales must have registered by 1700,politics,bbc
software watching while you work software that can not only monitor every keystroke and action performed,tech,bbc
rochus shocks coria in auckland top seed guillermo coria went out of the heineken open in,sport,bbc
boris opposes mayor apology ken livingstone should stick to his guns and not apologise for his,politics,bbc
jones files conte lawsuit marion jones has filed a lawsuit for defamation against balco boss victor,sport,bbc
microsoft takes on desktop search microsoft has entered the desktop search fray releasing a test version,tech,bbc
brown and blair face new rift claims for the umpteenth time tony blair and gordon brown,politics,bbc
gta sequel is criminally good the grand theft auto series of games have set themselves the,tech,bbc
isinbayeva claims new world best pole vaulter yelena isinbayeva broke her own indoor world record by,sport,bbc
mcclaren hails boro s uefa spirit middlesbrough boss steve mcclaren has praised the way his side,sport,bbc
citizenship event for 18s touted citizenship ceremonies could be introduced for people celebrating their 18th birthday,politics,bbc
henman to face saulnier test british number one tim henman will face france s cyril saulnier,sport,bbc
boateng to step down at election paul boateng chief secretary to the treasury is to step,politics,bbc
disappointed scott in solid start allan scott is confident of winning a medal at next week,sport,bbc
chancellor rallies labour voters gordon brown has issued a rallying cry to supporters warning the stakes,politics,bbc
msps hear renewed climate warning climate change could be completely out of control within several decades,politics,bbc
piero gives rugby perspective bbc sport unveils its new analysis tool piero at the wales v,tech,bbc
georgia plans hidden asset pardon georgia is offering a one-off tax amnesty to people who hid,business,bbc
rusedski forced out in marseille greg rusedski was forced to withdraw from the open 13 in,sport,bbc
stevens named in england line-up england have named bath prop matt stevens in the starting line-up,sport,bbc
wales get williams fitness boost wales are hopeful that openside flanker martyn williams could be fit,sport,bbc
budget to set scene for election gordon brown will seek to put the economy at the,politics,bbc
weir poised for sunderland move larne s teenage star robbie weir is poised to join sunderland,sport,bbc
us data sparks inflation worries wholesale prices in the us rose at the fastest rate in,business,bbc
radcliffe tackles marathon tasks paula radcliffe faces arguably the biggest test of her career in the,sport,bbc
big war games battle it out the arrival of new titles in the popular medal of,tech,bbc
tory backing for id cards the tories are to back controversial government plans to introduce id,politics,bbc
conservative mp defects to labour a conservative mp and former minister has defected to labour.,politics,bbc
benitez to launch morientes bid liverpool may launch an £8m january bid for long-time target fernando,sport,bbc
souness eyes summer move for owen newcastle boss graeme souness is lining up a summer move,sport,bbc
aragones angered by racism fine spain coach luis aragones is furious after being fined by the,sport,bbc
worldcom ex-boss launches defence lawyers defending former worldcom chief bernie ebbers against a battery of fraud,business,bbc
guantanamo pair s passport ban the government has written to two of the british men freed,politics,bbc
brown ally rejects budget spree chancellor gordon brown s closest ally has denied suggestions there will,politics,bbc
sella wants michalak recall former france centre philippe sella believes coach bernard laporte must recall frederic,sport,bbc
jansen suffers a further setback blackburn striker matt jansen faces three weeks out after surgery to,sport,bbc
more to do on adult literacy the government will only hit its target for improving adult,politics,bbc
blair sets date for africa report the commission for africa s report will be released on,politics,bbc
student inequality exposed teenagers from well-off backgrounds are six times more likely to go to university,politics,bbc
holmes back on form in birmingham double olympic champion kelly holmes was back to her best,sport,bbc
tutu s guantanamo release call archbishop desmond tutu has called for the release of the remaining,politics,bbc
trial begins of spain s top banker the trial of emilio botin the chairman of spain,business,bbc
honour for uk games maker leading british computer games maker peter molyneux has been made an,tech,bbc
kennedy predicts bigger turnout voters pent up passion could confound predictions of a low turnout in,politics,bbc
gadget market to grow in 2005 the explosion in consumer technology is to continue into 2005,tech,bbc
defection timed to hit tax pledge with impeccable and precisely-calculated timing tory defector robert jackson and,politics,bbc
mirza shocks kuznetsova sania mirza continued her remarkable rise with victory over us open champion svetlana,sport,bbc
barclays profits hit record level barclays the uk s third-biggest bank has seen annual pre-tax profits,business,bbc
mps tout lords replacement plan a group of mps has tried to raise the pressure on,politics,bbc
soaring oil hits world economy the soaring cost of oil has hit global economic growth although,business,bbc
news corp makes $5.4bn fox offer news corporation is seeking to buy out minority investors in,business,bbc
brown proud of economy record gordon brown has delivered a rousing speech to labour s spring,politics,bbc
eu software patent law delayed controversial new eu rules for the patenting of computer-based inventions have,tech,bbc
orange colour clash set for court a row over the colour orange could hit the courts,business,bbc
blog reading explodes in america americans are becoming avid blog readers with 32 million getting hooked,tech,bbc
no re-draft for eu patent law a proposed european law on software patents will not be,tech,bbc
parents face video game lessons ways of ensuring that parents know which video games are suitable,tech,bbc
speak easy plan for media players music and film fans will be able to control their,tech,bbc
peer-to-peer nets here to stay peer-to-peer (p2p) networks are here to stay and are on the,tech,bbc
ukip s secret weapon by any measure new yorker dick morris is that thing americans love,politics,bbc
mandelson warning to bbc the bbc should steer away from demonising ex-downing street media chief alastair,politics,bbc
apple attacked over sources row civil liberties group the electronic frontier foundation (eff) has joined a,tech,bbc
gerrard plays down european hopes steven gerrard has admitted that liverpool have little chance of winning,sport,bbc
arsenal through on penalties arsenal win 4-2 on penalties the spanish goalkeeper saved from alan quinn,sport,bbc
singapore growth at 8.1% in 2004 singapore s economy grew by 8.1% in 2004 its best,business,bbc
electronics firms eye plasma deal consumer electronics giants hitachi and matshushita electric are joining forces to,business,bbc
fido to be taken off vote lists the risk of pets and children being given votes,politics,bbc
wenger steps up row arsene wenger has stepped up his feud with sir alex ferguson by,sport,bbc
blair prepares to name poll date tony blair is likely to name 5 may as election,politics,bbc
baa support ahead of court battle uk airport operator baa has reiterated its support for the,politics,bbc
japan economy slides to recession the japanese economy has officially gone back into recession for the,business,bbc
disney settles disclosure charges walt disney has settled charges from us federal regulators that it failed,business,bbc
us industrial output growth eases us industrial production continued to rise in november albeit at a,business,bbc
sony wares win innovation award sony has taken the prize for top innovator at the annual,tech,bbc
campbell rescues arsenal sol campbell proved to be an unlikely match-winner to earn arsenal a hard-fought,sport,bbc
pre-poll clash on tax and spend labour and the tories have clashed over tax and spending,politics,bbc
bryan twins keep us hopes alive the united states kept the davis cup final alive with,sport,bbc
eu fraud clampdown urged eu member states are failing to report fraud and irregularities in eu,politics,bbc
bell set for england debut bath prop duncan bell has been added to england s 30-man,sport,bbc
evil twin fear for wireless net people using wireless high-speed net (wi-fi) are being warned about,tech,bbc
man utd through after exeter test manchester united avoided an fa cup upset by edging past,sport,bbc
lib dems to target stamp duty the liberal democrats are promising to raise the stamp duty,politics,bbc
defiant hunts put ban to the test thousands of hunt supporters have been out on the,politics,bbc
curbishley delight for johansson charlton manager alan curbishley paid tribute to two-goal striker jonatan johansson after,sport,bbc
nissan names successor to ghosn nissan has named a lifetime employee to run its operations after,business,bbc
clarke faces id cards rebellion charles clarke faces his first real test as home secretary on,politics,bbc
mobile gaming takes off in india gaming on the move is one of the fastest-growing activities,tech,bbc
fed warns of more us rate rises the us looks set for a continued boost to,business,bbc
worldcom director admits lying the former chief financial officer at us telecoms firm worldcom has admitted,business,bbc
ge sees excellent world economy us behemoth general electric has posted an 18% jump in quarterly,business,bbc
warnings on woeful wi-fi security companies are getting worse at keeping their wireless data networks secure.,tech,bbc
uk plan to deport terror suspects deals are being sought to allow the uk to deport,politics,bbc
sec to rethink post-enron rules the us stock market watchdog s chairman has said he is,business,bbc
sbc plans post-takeover job cuts us phone company sbc communications said it expects to cut around,business,bbc
no to royal succession shake-up a labour peer has withdrawn proposals to give female members of,politics,bbc
wru proposes season overhaul the welsh rugby union wants to restructure the northern hemisphere season into,sport,bbc
kennedy to make temple address charles kennedy is set to address 2 000 people at a,politics,bbc
italy to get economic action plan italian prime minister silvio berlusconi will unveil plans aimed at,business,bbc
business fears over sluggish eu economy as european leaders gather in rome on friday to sign,business,bbc
china net cafe culture crackdown chinese authorities closed 12 575 net cafes in the closing months,tech,bbc
google launches tv search service the net search giant google has launched a search service that,tech,bbc
gadget show heralds mp3 christmas partners of those who love their hi-tech gear may want to,tech,bbc
small firms hit by rising costs rising fuel and materials costs are hitting confidence among the,business,bbc
bp surges ahead on high oil price oil giant bp has announced a 26% rise in,business,bbc
the gaming world in 2005 if you have finished doom 3 half life 2 and halo,tech,bbc
microsoft sets sights on spyware windows users could soon be paying microsoft to keep pcs free,tech,bbc
movie body hits peer-to-peer nets the movie industry has struck out at file-sharing networks with another,tech,bbc
fast moving phone viruses appear security firms are warning about several mobile phone viruses that can,tech,bbc
robinson wants dual code success england rugby union captain jason robinson has targeted dual code success,sport,bbc
egypt and israel seal trade deal in a sign of a thaw in relations between egypt,business,bbc
desailly backs blues revenge trip marcel desailly insists there is no chance of history repeating itself,sport,bbc
e-university disgraceful waste a failed government scheme to offer uk university courses online has been branded,politics,bbc
japan narrowly escapes recession japan s economy teetered on the brink of a technical recession in,business,bbc
scotland 18-10 italy six chris paterson penalties gave scotland victory in a dour but clinical encounter,sport,bbc
dent continues adelaide progress american taylor dent reached the final of the australian hardcourt event in,sport,bbc
chinese dam firm defies beijing the china three gorges project corp is refusing to obey a,business,bbc
christmas shoppers flock to tills shops all over the uk reported strong sales on the last,business,bbc
microsoft gets the blogging bug software giant microsoft is taking the plunge into the world of,tech,bbc
hantuchova in dubai last eight daniela hantuchova moved into the quarter-finals of the dubai open after,sport,bbc
lomu relishing return to action former all black star jonah lomu says he cannot wait to,sport,bbc
progress on new internet domains by early 2005 the net could have two new domain names.,tech,bbc
smartphones suffer skulls attack owners of some nokia smartphones are being warned to watch out for,tech,bbc
winter freeze keeps oil above $50 oil prices carried on rising on wednesday after cold weather,business,bbc
india and iran in gas export deal india has signed a $40bn (£21bn) deal to import,business,bbc
prutton poised for lengthy fa ban southampton s david prutton faces a possible seven-match ban when,sport,bbc
uk house prices dip in november uk house prices dipped slightly in november the office of,business,bbc
ireland win eclipses refereeing errors the international rugby board may have to step in to stop,sport,bbc
us blogger fired by her airline a us airline attendant suspended over inappropriate images on her,tech,bbc
us hacker breaks into t-mobile a man is facing charges of hacking into computers at the,tech,bbc
athens memories soar above lows well it s goodbye to another olympic year and as usual,sport,bbc
uk rebate unjustified - chirac french president jacques chirac has called the uk s £3bn rebate,politics,bbc
police probe bnp mosque leaflet police are investigating a british national party leaflet posted to homes,politics,bbc
guantanamo man suing government a british terror suspect held in guantanamo bay for 33 months plans,politics,bbc
winemaker rejects foster s offer australian winemaker southcorp has rejected a takeover offer worth 3.1bn australian,business,bbc
dawson set for new wasps contract european champions wasps are set to offer matt dawson a,sport,bbc
goldsmith denies war advice claim the attorney general has denied his statement to parliament about the,politics,bbc
rolling out next generation s net the body that oversees how the net works grows and,tech,bbc
warning over tsunami aid website net users are being told to avoid a scam website that,tech,bbc
qpr keeper day heads for preston queens park rangers keeper chris day is set to join,sport,bbc
lasers help bridge network gaps an indian telecommunications firm has turned to lasers to help it,tech,bbc
ericsson sees earnings improve telecoms equipment supplier ericsson has posted a rise in fourth quarter profits,business,bbc
high fuel prices hit ba s profits british airways has blamed high fuel prices for a,business,bbc
uk discriminated against roma the government s immigration rules racially discriminated against roma (gypsies) seeking entry,politics,bbc
yachvili savours france comeback france scrum-half dimitri yachvili praised his team after they fought back to,sport,bbc
parmalat founder offers apology the founder and former boss of parmalat has apologised to investors who,business,bbc
radcliffe will compete in london paula radcliffe will compete in the flora london marathon this year,sport,bbc
go-ahead for new internet names the internet could soon have two new domain names aimed at,tech,bbc
anti-spam screensaver scrapped a contentious campaign to bump up the bandwidth bills of spammers by flooding,tech,bbc
house prices drop as sales slow house prices fell further in november and property sale times,business,bbc
asia shares defy post-quake gloom thailand has become the first of the 10 southern asian nations,business,bbc
blair backs pre-election budget tony blair has backed chancellor gordon brown s pre-budget report amid opposition,politics,bbc
mcleish ready for criticism rangers manager alex mcleish accepts he is going to be criticised after,sport,bbc
qatar and shell in $6bn gas deal shell has signed a $6bn (£3.12bn) deal with the,business,bbc
johnson announces june retirement former england captain martin johnson has announced he is to retire from,sport,bbc
golden rule intact says ex-aide chancellor gordon brown will meet his golden economic rule with a,business,bbc
rescue hope for borussia dortmund shares in struggling german football club borussia dortmund slipped on monday,business,bbc
mansfield 0-1 leyton orient an second-half goal from andy scott condemned mansfield to a ninth successive,sport,bbc
bees handed potential man utd tie brentford face a home tie against holders manchester united in,sport,bbc
us interest rate rise expected us interest rates are expected to rise for the fifth time,business,bbc
euronext poised to make lse bid pan-european group euronext is poised to launch a bid for,business,bbc
german economy rebounds germany s economy the biggest among the 12 countries sharing the euro grew,business,bbc
dutch bank to lay off 2 850 staff abn amro the netherlands largest bank is to,business,bbc
tories leave door open for archer the conservative party would deal sympathetically with any application by,politics,bbc
gangsters dominate gaming chart video games on consoles and computers proved more popular than ever in,tech,bbc
news corp eyes video games market news corp the media company controlled by australian billionaire rupert,business,bbc
kirwan demands italy consistency italy coach john kirwan has challenged his side to match the performance,sport,bbc
blair pressing us on climate tony blair is pressing the us to cut greenhouse gases despite,politics,bbc
campbell to extend sprint career darren campbell has set his sights on running quicker than ever,sport,bbc
radcliffe yet to answer gb call paula radcliffe has been granted extra time to decide whether,sport,bbc
spain coach faces racism inquiry spain s football federation has initiated disciplinary action against national coach,sport,bbc
pandas benefit from wireless net the world s dwindling panda population is getting a helping hand,tech,bbc
warning over us pensions deficit taxpayers may have to bail out the us agency that protects,business,bbc
voters reject eu by two to one british voters would reject the european constitution by two,politics,bbc
watchdog probes vivendi bond sale french stock market regulator amf has filed complaints against media giant,business,bbc
greek pair set for hearing kostas kenteris and katerina thanou will fight the provisional two-year bans,sport,bbc
durex maker ssl awaits firm bid uk condom maker ssl international has refused to comment on,business,bbc
schools to take part in mock poll record numbers of schools across the uk are to,politics,bbc
text messages aid disaster recovery text messaging technology was a valuable communication tool in the aftermath,tech,bbc
commodore finds new lease of life the once-famous commodore computer brand could be resurrected after being,tech,bbc
wolves appoint hoddle as manager glenn hoddle will be unveiled as the new wolves manager on,sport,bbc
broadband in the uk growing fast high-speed net connections in the uk are proving more popular,tech,bbc
apple sues to stop product leaks computer firm apple has issued a lawsuit to prevent online,tech,bbc
radcliffe eyes hard line on drugs paula radcliffe has called for all athletes found guilty on,sport,bbc
observers to monitor uk election ministers will invite international observers to check the forthcoming uk general,politics,bbc
gm pays $2bn to evade fiat buyout general motors of the us is to pay fiat,business,bbc
williams battles to aussie title serena williams staged a remarkable recovery to beat lindsay davenport and,sport,bbc
pernod takeover talk lifts domecq shares in uk drinks and food firm allied domecq have risen,business,bbc
jones doping probe begins an investigation into doping claims against marion jones has been opened by,sport,bbc
cebit fever takes over hanover thousands of products and tens of thousands of visitors make cebit,tech,bbc
tory candidate quits over remark a conservative election challenger is quitting after being quoted as wanting,politics,bbc
tindall wants second opinion england centre mike tindall is to seek a second opinion before having,sport,bbc
mobile multimedia slow to catch on there is no doubt that mobile phones sporting cameras and,tech,bbc
s korean credit card firm rescued south korea s largest credit card firm has averted liquidation,business,bbc
profile: david miliband david miliband s rapid rise through the ranks of government continues with his,politics,bbc
moya sidesteps davis cup in 2005 carlos moya has chosen not to help spain try and,sport,bbc
prodigy monfils blows away gaudio french prodigy gael monfils underlined his huge promise by beating french,sport,bbc
yukos owner sues russia for $28bn the majority owner of embattled russian oil firm yukos has,business,bbc
new browser wins over net surfers the proportion of surfers using microsoft s internet explorer (ie),tech,bbc
campbell returns to election team ex-downing street media chief alastair campbell will return to the fold,politics,bbc
williams says he will never quit defiant matt williams says he will not quit as scotland,sport,bbc
how to make a greener computer the hi-tech industry is starting to get more environmentally aware.,tech,bbc
broadband fuels online expression fast web access is encouraging more people to express themselves online research,tech,bbc
hewitt falls to dent lleyton hewitt suffered a shock defeat to taylor dent in the quarter-finals,sport,bbc
s&n extends indian beer venture the uk s biggest brewer scottish and newcastle (s&n) is to,business,bbc
moore questions captaincy brian moore believes the england captain should not be a full-back.,sport,bbc
italy 17-28 ireland two moments of magic from brian o driscoll guided ireland to a workmanlike,sport,bbc
latest opera browser gets vocal net browser opera 8.0 due for official release at the end,tech,bbc
ferdinand casts doubt over glazer rio ferdinand has said he is unsure of malcolm glazer s,sport,bbc
wales must learn health lessons the new health minister for wales says there are lessons to,politics,bbc
microsoft debuts security tools microsoft is releasing tools that clean up pcs harbouring viruses and spyware.,tech,bbc
isinbayeva heads for birmingham olympic pole vault champion yelena isinbayeva has confirmed she will take part,sport,bbc
strike threat over pension plans millions of public service workers could strike if ministers scrap their,politics,bbc
halo 2 heralds traffic explosion the growing popularity of online gaming could spell problems for net,tech,bbc
murphy: that was a bruising battle that s what i call a tough game.,sport,bbc
ford gains from finance not cars ford the us car company reported higher fourth quarter and,business,bbc
hewitt falls to dent in adelaide lleyton hewitt suffered a shock defeat to taylor dent in,sport,bbc
ban on forced retirement under 65 employers will no longer be able to force workers to,business,bbc
gamer buys $26 500 virtual land a 22-year-old gamer has spent $26 500 (£13 700) on,tech,bbc
tory leader quits legal position david mcletchie has resigned from his post as a partner in,politics,bbc
us crude prices surge above $53 us crude prices have soared to fresh four-month highs above,business,bbc
consumers snub portable video consumers want music rather than movies while on the move says a,tech,bbc
blair s hope for blunkett return the events leading to david blunkett s resignation must not,politics,bbc
court rejects $280bn tobacco case a us government claim accusing the country s biggest tobacco companies,business,bbc
smith keen on home series return scotland manager walter smith has given his backing to the,sport,bbc
parmalat sues 45 banks over crash parmalat has sued 45 banks as it tries to reclaim,business,bbc
iaaf will contest greek decision the international association of athletics federations will appeal against the acquittal,sport,bbc
india seeks to boost construction india has cleared a proposal allowing up to 100% foreign direct,business,bbc
irish duo could block man utd bid irishmen jp mcmanus and john magnier who own a,business,bbc
turkey deal to help world peace a deal bringing turkey a step closer to eu membership,politics,bbc
nuclear body seeks new tech the computer systems used to monitor the world s nuclear power,tech,bbc
pc photo printers challenge pros home printed pictures can be cheaper and higher quality than those,tech,bbc
cardinal criticises iraq war cost billions of pounds spent on conflict in iraq and in the,politics,bbc
us firm bids for lacroix label a us firm has said it is in final negotiations,business,bbc
firms pump billions into pensions employers have spent billions of pounds propping up their final salary,business,bbc
putting a face to big brother literally putting a face on technology could be one of,tech,bbc
global blogger action day called the global web blog community is being called into action to,tech,bbc
mauresmo opens with victory in la amelie mauresmo and maria sharapova won their opening matches at,sport,bbc
boeing secures giant japan order boeing is to supply japan airlines with up to 50 of,business,bbc
strachan turns down pompey former southampton manager gordon strachan has rejected the chance to become portsmouth,sport,bbc
wenger shock at newcastle dip arsenal manager arsene wenger has admitted he is at a loss,sport,bbc
wal-mart fights back at accusers two big us names have launched advertising campaigns to set the,business,bbc
eu referendum could cost £80m it could cost £80m to run a uk referendum on the,politics,bbc
blogs take on the mainstream web logs or blogs are everywhere with at least an estimated,tech,bbc
venezuela identifies idle farms venezuelan authorities have identified more than 500 farms including 56 large estates,business,bbc
kilroy-silk attacked with slurry euro mp robert kilroy-silk has had a bucket of farm slurry thrown,politics,bbc
google to scan famous libraries the libraries of five of the world s most important academic,tech,bbc
hi-tech posters guide commuters interactive posters are helping londoners get around the city during the festive,tech,bbc
metlife buys up citigroup insurer us banking giant citigroup has sold its travelers life & annuity,business,bbc
campbell to be lions consultant former government communications chief alastair campbell will act as a media,sport,bbc
safin relieved at aussie recovery marat safin admitted he thought he was suffering another australian open,sport,bbc
labour accused of broken pledge labour has already broken its pre-election promise on immigration before the,politics,bbc
lib dems stress budget trust gap public trust in the handling of the economy can only,politics,bbc
chelsea denied by james heroics a brave defensive display led by keeper david james helped manchester,sport,bbc
nadal puts spain 2-0 up result: nadal 6-7 (6/8) 6-2 7-6 (8/6) 6-2 roddick spain s,sport,bbc
howard unveils tory asylum plans tory plans to cut immigration to the uk are not racist,politics,bbc
debate needed on donations cap a cap on donations to political parties should not be introduced,politics,bbc
jamieson issues warning to bigots scotland s justice minister has warned bigoted soccer fans that she,politics,bbc
robben plays down european return injured chelsea winger arjen robben has insisted that he only has,sport,bbc
strong demand triggers oil rally crude oil prices surged back above the $47 a barrel mark,business,bbc
tomlinson stays focused on europe long jumper chris tomlinson has cut his schedule to ensure he,sport,bbc
ultra fast wi-fi nears completion ultra high speed wi-fi connections moved closer to reality on thursday,tech,bbc
blind student hears in colour a blind student has developed software that turns colours into musical,tech,bbc
child access laws shake-up parents who refuse to allow former partners contact with their children could,politics,bbc
blair defends terror law changes the prime minister has defended measures to allow house arrest without,politics,bbc
quake s economic costs emerging asian governments and international agencies are reeling at the potential economic,business,bbc
wales silent on grand slam talk rhys williams says wales are still not thinking of winning,sport,bbc
india power shares jump on debut shares in india s largest power producer national thermal power,business,bbc
muslim police stops more likely uk muslims should accept that people of islamic appearance are more,politics,bbc
learning to love broadband we are reaching the point where broadband is a central part of,tech,bbc
games enter the classroom video games could soon be transplanted from their natural habitat to the,tech,bbc
mobile games come of age the bbc news website takes a look at how games on,tech,bbc
blair says uk tsunami aid to soar tony blair has predicted the british government will eventually,politics,bbc
mutu to hold talks with juventus disgraced former chelsea striker adrian mutu is to begin talks,sport,bbc
iaaf to rule on greek sprint pair greek sprinters kostas kenteris and katerina thanou are expected,sport,bbc
losing yourself in online gaming online role playing games are time-consuming  but enthralling flights from reality.,tech,bbc
concerns over windows atms cash machine networks could soon be more susceptible to computer viruses a,tech,bbc
former ni minister scott dies former northern ireland minister sir nicholas scott has died at a,politics,bbc
what now for kelly holmes last april kelly holmes spoke to the bbc sport website about,sport,bbc
england claim dubai sevens glory england beat fiji 26-21 in a dramatic final in dubai to,sport,bbc
local net tv takes off in austria an austrian village is testing technology that could represent,tech,bbc
costin aims for comeback in 2006 jamie costin should be paralysed.,sport,bbc
milburn defends poster campaign labour s election chief alan milburn has defended his party s campaign,politics,bbc
fiat mulls ferrari market listing ferrari could be listed on the stock market as part of,business,bbc
greek sprinters won t run again the careers of sprinters kostas kenteris and katerina thanou are,sport,bbc
ferguson urges henry punishment sir alex ferguson has called on the football association to punish arsenal,sport,bbc
yukos loses us bankruptcy battle a judge has dismissed an attempt by russian oil giant yukos,business,bbc
ibm frees 500 software patents computer giant ibm says 500 of its software patents will be,tech,bbc
hewitt decries career sexism plans to extend paid maternity leave beyond six months should be prominent,politics,bbc
building giant in asbestos payout australian building products group james hardie has agreed to pay $1.1bn,business,bbc
moya emotional after davis cup win carlos moya described spain s davis cup victory as the,sport,bbc
bt boosts its broadband packages british telecom has said it will double the broadband speeds of,tech,bbc
oil prices reach three-month low oil prices have fallen heavily for a second day closing at,business,bbc
row over police power for csos the police federation has said it strongly opposes giving community,politics,bbc
microsoft makes anti-piracy move microsoft says it is clamping down on people running pirated versions of,tech,bbc
technology gets the creative bug the hi-tech and the arts worlds have for some time danced,tech,bbc
confusion over high-definition tv now that a critical mass of people have embraced digital tv dvds,tech,bbc
bat spit drug firm goes to market a german firm whose main product is derived from,business,bbc
chelsea ridiculed over complaint barcelona assistant coach henk ten cate has branded chelsea s expected complaint,sport,bbc
mp attacked by muggers in kenya an mp has had more than £600 and his passport,politics,bbc
boothroyd calls for lords speaker betty boothroyd has said the house of lords needs its own,politics,bbc
uk troops on ivory coast standby downing street has confirmed british troops are on standby in,politics,bbc
labour pig poster anti-semitic the labour party has been accused of anti-semitism over a poster depicting,politics,bbc
mrs howard gets key election role michael howard s ex-model wife sandra is to play a,politics,bbc
blind student hears in colour a blind student has developed software that turns colours into musical,tech,bbc
hodgson relishes european clashes former blackburn boss roy hodgson says the premiership should follow the rest,sport,bbc
train strike grips buenos aires a strike on the buenos aires underground has caused traffic chaos,business,bbc
worldcom trial starts in new york the trial of bernie ebbers former chief executive of bankrupt,business,bbc
holmes starts 2005 with gb events kelly holmes will start 2005 with a series of races,sport,bbc
visa decision every 11 minutes visa processing staff are sometimes expected to rule on an application,politics,bbc
be careful how you code a new european directive could put software writers at risk of,tech,bbc
blunkett tells of love and pain david blunkett has spoken of his love for married publisher,politics,bbc
labour trio had vote-rig factory three labour councillors in birmingham were caught operating a vote-rigging factory,politics,bbc
england to launch ref protest england will protest to the international rugby board (irb) about the,sport,bbc
warning over tsunami aid website net users are being told to avoid a scam website that,tech,bbc
blair dismisses quit claim report tony blair has dismissed reports he told gordon brown he would,politics,bbc
qantas sees profits fly to record australian airline qantas has posted a record fiscal first-half profit,business,bbc
brazil buy boosts belgium s inbev belgian brewing giant inbev has seen its profits soar thanks,business,bbc
gaming firm to sell uk dog tracks six uk greyhound tracks have been put up for,business,bbc
blair hails turkey-eu talks deal tony blair has hailed a deal bringing turkey a step closer,politics,bbc
the memory driving brown s mission the memory gordon brown says keeps returning to him -,politics,bbc
safin plays down wimbledon hopes newly-crowned australian open champion marat safin has ruled out any chance,sport,bbc
europe backs digital tv lifestyle how people receive their digital entertainment in the future could change,tech,bbc
israeli club look to africa four african players including zimbabwe goalkeeper energy murambadoro are all ready,sport,bbc
arsenal may seek full share listing arsenal vice-chairman david dein has said the club may consider,business,bbc
lufthansa flies back to profit german airline lufthansa has returned to profit in 2004 after posting,business,bbc
melzer shocks agassi second seed andre agassi suffered a comprehensive defeat by jurgen melzer in the,sport,bbc
visa row mandarin made sir john the top civil servant at the centre of the david,politics,bbc
redknapp poised for saints southampton are set to unveil harry redknapp as their new manager at,sport,bbc
goldsmith: i was not leant on the attorney general has again denied being leant on by,politics,bbc
dollar hovers around record lows the us dollar hovered close to record lows against the euro,business,bbc
el guerrouj targets cross country double olympic champion hicham el guerrouj is set to make a,sport,bbc
share boost for feud-hit reliance the board of indian conglomerate reliance has agreed a share buy-back,business,bbc
insurance bosses plead guilty another three us insurance executives have pleaded guilty to fraud charges stemming,business,bbc
booming markets shed few tears the market former british government minister michael heseltine once said has,business,bbc
windows worm travels with tetris users are being warned about a windows virus that poses as,tech,bbc
security papers found in street an inquiry is under way after files containing security details about,politics,bbc
brown shrugs off economy fears gordon brown is to freeze petrol duty increases fund a £1bn,politics,bbc
jobs growth still slow in the us the us created fewer jobs than expected in january,business,bbc
hospital suspends no welsh plan an english hospital has suspended plans to stop treating welsh patients,politics,bbc
palace threat over cantona masks manchester united fans wearing eric cantona masks will not be allowed,sport,bbc
manchester wins labour conference the labour party will hold its 2006 autumn conference in manchester and,politics,bbc
yukos unit buyer faces loan claim the owners of embattled russian oil giant yukos are to,business,bbc
us duo in first spam conviction a brother and sister in the us have been convicted,tech,bbc
blackburn v burnley ewood park tuesday 1 march 2000 gmt howard webb (south yorkshire) home to,sport,bbc
job cuts false economy - tuc plans to shed 71 000 civil service jobs will prove,politics,bbc
corry backs skipper robinson england forward martin corry says jason robinson is the right man to,sport,bbc
wmc says xstrata bid is too low australian mining firm wmc resources has said it is,business,bbc
gizmondo gadget hits the shelves the gizmondo combined media player phone and gaming gadget goes on,tech,bbc
eu-us seeking deal on air dispute the eu and us have agreed to begin talks on,business,bbc
european medal chances improve what have the european indoor trials told us well i think we,sport,bbc
ban on hunting comes into force fox hunting with dogs is now illegal in england and,politics,bbc
ministers naive over phone-taps the government is being naive by refusing to allow phone-tap evidence in,politics,bbc
jol joy at professional cup win tottenham manager martin jol acclaimed his players for their patience,sport,bbc
millions buy mp3 players in us one in 10 adult americans - equivalent to 22 million,tech,bbc
games firms face tough future uk video game firms face a testing time as they prepare,tech,bbc
india opens skies to competition india will allow domestic commercial airlines to fly long haul international,business,bbc
man utd to open books to glazer manchester united s board has agreed to give us,business,bbc
umbro profits lifted by euro 2004 uk sportswear firm umbro has posted a 222% rise in,business,bbc
millions to miss out on the net by 2025 40% of the uk s population will,tech,bbc
shares rise on new man utd offer shares in manchester united closed up 4.75% on monday,business,bbc
israel looks to us for bank chief israel has asked a us banker and former international,business,bbc
harinordoquy suffers france axe number eight imanol harinordoquy has been dropped from france s squad for,sport,bbc
verdict delay for greek sprinters greek athletics governing body has postponed by two weeks the judgement,sport,bbc
celtic make late bid for bellamy newcastle striker craig bellamy is discussing a possible short-term loan,sport,bbc
labour accused of eu propaganda a taxpayer subsidised propaganda exercise on the eu is being used,politics,bbc
hatfield executives go on trial engineering firm balfour beatty and five railway managers are to go,politics,bbc
gronkjaer agrees switch to madrid jesper gronkjaer has agreed a move to atletico madrid from birmingham,sport,bbc
moving mobile improves golf swing a mobile phone that recognises and responds to movements has been,tech,bbc
wilkinson fit to face edinburgh england captain jonny wilkinson will make his long-awaited return from injury,sport,bbc
thanou bullish over drugs hearing katerina thanou is confident she and fellow sprinter kostas kenteris will,sport,bbc
savvy searchers fail to spot ads internet search engine users are an odd mix of naive,tech,bbc
the pirates with no profit motive two men who were part of a huge network of,tech,bbc
bates seals takeover ken bates has completed his takeover of leeds united.,sport,bbc
soros group warns of kazakh close the open society institute (osi) financed by billionaire george soros,business,bbc
election could be terror target terrorists might try to target the uk in the run-up to,politics,bbc
lifestyle governs mobile choice faster better or funkier hardware alone is not going to help phone,tech,bbc
mobile multimedia slow to catch on there is no doubt that mobile phones sporting cameras and,tech,bbc
owen determined to stay in madrid england forward michael owen has told the bbc he is,sport,bbc
mobile tv tipped as one to watch scandinavians and koreans two of the most adventurous groups,tech,bbc
stormy year for property insurers a string of storms typhoons and earthquakes has made 2004 the,business,bbc
what the election should really be about a general election is the best chance most pressure,politics,bbc
