text,label
mystery surrounds new yukos owner the fate of russia s yuganskneftegas - the oil firm sold,business
redknapp poised for saints southampton are set to unveil harry redknapp as their new manager at,sport
thomas out of six nations wales captain gareth thomas has been ruled out of the rest,sport
cuba winds back economic clock fidel castro s decision to ban all cash transactions in us,business
ukraine trims privatisation check ukraine is to review dozens of state asset sales as the country,business
consumer concern over rfid tags consumers are very concerned about the use of radio frequency id,tech
johnson accuses british sprinters former olympic champion michael johnson has accused britain s top sprinters of,sport
tories unveil quango blitz plans plans to abolish 162 quangos have been unveiled by the conservatives,politics
february poll claim speculation reports that tony blair is planning a snap general election for february,politics
wmc profits up amid bid criticism australian mining firm wmc resources has seen a fivefold rise,business
donor attacks blair-brown feud the reported feud between tony blair and gordon brown has prompted a,politics
sculthorpe wants lions captaincy paul sculthorpe has admitted he would love to succeed andy farrell as,sport
immigration to be election issue immigration and asylum have normally been issues politicians from the big,politics
newcastle 2-1 bolton kieron dyer smashed home the winner to end bolton s 10-game unbeaten run.,sport
georgia plans hidden asset pardon georgia is offering a one-off tax amnesty to people who hid,business
venezuela identifies idle farms venezuelan authorities have identified more than 500 farms including 56 large estates,business
more women turn to net security older people and women are increasingly taking charge of protecting,tech
labour in constituency race row labour s choice of a white candidate for one of the,politics
lse sets date for takeover deal the london stock exchange (lse) is planning to announce a,business
gadget show heralds mp3 season partners of those who love their hi-tech gear may want to,tech
microsoft plans safer id system microsoft is planning to make windows and internet explorer more secure,tech
disaster claims less than $10bn insurers have sought to calm fears that they face huge losses,business
tory leader urges harry apology prince harry should personally make clear how sorry he is about,politics
spam e-mails tempt net shoppers computer users across the world continue to ignore security warnings about,tech
wilkinson fit to face edinburgh england captain jonny wilkinson will make his long-awaited return from injury,sport
euronext poised to make lse bid pan-european group euronext is poised to launch a bid for,business
csa chief who quit still in job the head of the failing child support agency widely,politics
bush website blocked outside us surfers outside the us have been unable to visit the official,tech
uk youth interested in politics the majority of young people are interested in politics holding strong,politics
slimmer playstation triple sales sony playstation 2 s slimmer shape has proved popular with uk gamers,tech
lib dems unveil women s manifesto the liberal democrats are attempting to woo female voters with,politics
wright-phillips to start on right england coach sven-goran eriksson has revealed shaun wright-phillips will start against,sport
milburn defends poster campaign labour s election chief alan milburn has defended his party s campaign,politics
digital guru floats sub-$100 pc nicholas negroponte chairman and founder of mit s media labs says,tech
israel looks to us for bank chief israel has asked a us banker and former international,business
mg rover china tie-up delayed mg rover s proposed tie-up with china s top carmaker has,business
blair to face trust issue head on tony blair says he will be facing the issue,politics
fa charges liverpool and millwall liverpool and millwall have been charged by the football association over,sport
malik rejects all-black mp lists a call for ethnic minority shortlists to boost the number of,politics
california sets fines for spyware the makers of computer programs that secretly spy on what people,tech
taxes must be trusted - kennedy public trust in taxes is breaking down because labour and,politics
oil rebounds from weather effect oil prices recovered in asian trade on tuesday after falling in,business
ukip mep attacked german empire a uk independence party mep suggested germany saw the eu as,politics
rangers seal old firm win goals from gregory vignal and nacho novo gave rangers a scrappy,sport
tsunami to cost sri lanka $1.3bn sri lanka faces a $1.3bn (£691m) bill in 2005 for,business
mourinho takes swipe at arsenal chelsea boss jose mourinho has attempted to pile the pressure on,sport
tory expert denies defeatism the conservatives campaign director has denied a report claiming he warned michael,politics
takeover offer for sunderland fc bob murray chairman of sunderland fc has launched a £1.5m ($2.8m),business
norway upholds napster ruling a norwegian student who ran a website which linked to downloadable mp3,tech
us economy shows solid gdp growth the us economy has grown more than expected expanding at,business
gizmondo gadget hits the shelves the gizmondo combined media player phone and gaming gadget goes on,tech
rover deal may cost 2 000 jobs some 2 000 jobs at mg rover s midlands,business
jamieson issues warning to bigots scotland s justice minister has warned bigoted soccer fans that she,politics
high fuel prices hit ba s profits british airways has blamed high fuel prices for a,business
owen set for skipper role wales number eight michael owen says replacing gareth thomas as wales,sport
young debut cut short by ginepri fifteen-year-old donald young s first appearance in an atp tennis,sport
us gives foreign firms extra time foreign firms have been given an extra year to meet,business
tories reject rethink on axed mp sacked mp howard flight s local conservative association has insisted,politics
court mulls file-sharing future judges at the us supreme court have been hearing evidence for and,tech
melzer shocks agassi second seed andre agassi suffered a comprehensive defeat by jurgen melzer in the,sport
laporte tinkers with team france coach bernard laporte has made four changes to the starting line-up,sport
tsunami won t divert africa aid uk aid to help the victims of the asian tsunami,politics
chancellor rallies labour voters gordon brown has issued a rallying cry to supporters warning the stakes,politics
roddick to face saulnier in final andy roddick will play cyril saulnier in the final of,sport
newcastle 27-27 gloucester newcastle centre mathew tait answered his critics as he scored one try and,sport
metlife buys up citigroup insurer us banking giant citigroup has sold its travelers life & annuity,business
leaders meet over turkish eu bid tony blair has met italian prime minister silvio berlusconi and,politics
worldcom director ends evidence the former chief financial officer at us telecoms firm worldcom has finished,business
rich grab half colombia poor fund half of the money put aside by the colombian government,business
mobile audio enters new dimension as mobile phones move closer to being a ubiquitous all-in-one media,tech
blair backs pre-election budget tony blair has backed chancellor gordon brown s pre-budget report amid opposition,politics
halo 2 sells five million copies microsoft is celebrating bumper sales of its xbox sci-fi shooter,tech
henson stakes early lions claim the six nations may be a glittering prize in itself but,sport
kuznetsova failed a drugs test us open champion svetlana kuznetsova has tested positive for a banned,sport
protect whistleblowers tuc says the government should change the law to give more protection to employees,politics
wi-fi web reaches farmers in peru a network of community computer centres linked by wireless technology,tech
clarke plans migrant point scheme anyone planning to move to the uk will have to pass,politics
goldsmith: i was not leant on the attorney general has again denied being leant on by,politics
the force is strong in battlefront the warm reception that has greeted star wars: battlefront is,tech
games help you learn and play god games in which players must control virtual people and,tech
air passengers win new eu rights air passengers who are unable to board their flights because,business
moya fights back for indian title carlos moya became the first man to successfully defend the,sport
india-pakistan peace boosts trade calmer relations between india and pakistan are paying economic dividends with new,business
blair defends terror law changes the prime minister has defended measures to allow house arrest without,politics
us hacker breaks into t-mobile a man is facing charges of hacking into computers at the,tech
sluggish economy hits german jobs the number of people out of work in europe s largest,business
winn-dixie files for bankruptcy us supermarket group winn-dixie has filed for bankruptcy protection after succumbing to,business
rovers reject third ferguson bid blackburn have rejected a third bid from rangers for scotland captain,sport
us blogger fired by her airline a us airline attendant suspended over inappropriate images on her,tech
barclays shares up on merger talk shares in uk banking group barclays have risen on monday,business
fox attacks blair s tory lies tony blair lied when he took the uk to war,politics
china net cafe culture crackdown chinese authorities closed 12 575 net cafes in the closing months,tech
bad e-mail habits sustains spam the bad behaviour of e-mail users is helping to sustain the,tech
us firm bids for lacroix label a us firm has said it is in final negotiations,business
france starts digital terrestrial france has become the last big european country to launch a digital,tech
blair looks to election campaign tony blair s big speech will be looked back on as,politics
moore questions captaincy brian moore believes the england captain should not be a full-back.,sport
campaign cold calls questioned labour and the conservatives are still telephoning the millions of people who,politics
zambia confident and cautious zambia s technical director kalusha bwalya is confident and cautious ahead of,sport
sociedad set to rescue mladenovic rangers are set to loan out-of-favour midfielder dragan mladenovic to real,sport
blair congratulates bush on win tony blair has said he looks forward to continuing his strong,politics
wood - ireland can win grand slam former captain keith wood believes ireland can win only,sport
online commons to spark debate online communities set up by the uk government could encourage public,tech
us airways staff agree to pay cut a union representing 5 200 flight attendants at bankrupt,business
gurkhas to help tsunami victims britain has offered to send a company of 120 gurkhas to,politics
ask jeeves tips online ad revival ask jeeves has become the third leading online search firm,business
how political squabbles snowball it s become commonplace to argue that blair and brown are like,politics
s korean lender faces liquidation creditors of south korea s top credit card firm have said,business
microsoft seeking spyware trojan microsoft is investigating a trojan program that attempts to switch off the,tech
minister digs in over doping row the belgian sports minister at the centre of the svetlana,sport
collins calls for chambers return world 100m champion kim collins says suspended sprinter dwain chambers should,sport
mobile gaming takes off in india gaming on the move is one of the fastest-growing activities,tech
hereford 1-1 doncaster hereford win 3-1 on penalties.,sport
fuming robinson blasts officials england coach andy robinson said he was livid after his side were,sport
sony psp handheld console hits us the latest handheld gaming gadget sony s playstation portable goes,tech
prutton poised for lengthy fa ban southampton s david prutton faces a possible seven-match ban when,sport
industrial output falls in japan japanese industrial output fell in october while unemployment rose casting further,business
iraq to invite phone licence bids iraq is to invite bids for two telephone licences saying,business
lawyer attacks anti-terror laws a senior barrister who has resigned in protest over the government s,politics
parmalat founder offers apology the founder and former boss of parmalat has apologised to investors who,business
abortion not a poll issue - blair tony blair does not believe abortion should be an,politics
liverpool revel in night of glory liverpool manager rafael benitez said their qualification for the next,sport
criminal probe on citigroup deals traders at us banking giant citigroup are facing a criminal investigation,business
edgy agassi struggles past dent andre agassi put in an erratic display before edging into the,sport
fast moving phone viruses appear security firms are warning about several mobile phone viruses that can,tech
eu software patent law delayed controversial new eu rules for the patenting of computer-based inventions have,tech
indonesia declines debt freeze indonesia no longer needs the debt freeze offered by the paris club,business
uk young top euro earnings league british children enjoy the highest average annual income in europe,business
saudi ncci s shares soar shares in saudi arabia s national company for cooperative insurance (ncci),business
moya clinches cup for spain spain won the davis cup for the second time in their,sport
russia wto talks make progress talks on russia s proposed membership of the world trade organisation,business
howard hits back at mongrel jibe michael howard has said a claim by peter hain that,politics
vouchers to cut winter deaths pensioners are being promised energy savings by the liberal democrats as,politics
latin america sees strong growth latin america s economy grew by 5.5% in 2004 its best,business
game firm holds cast auditions video game firm bioware is to hold open auditions for people,tech
emi shares hit by profit warning shares in music giant emi have sunk by more than,business
us crude prices surge above $53 us crude prices have soared to fresh four-month highs above,business
ireland v usa (sat) saturday 20 november lansdowne road dublin 1300 gmt the irish coach knows,sport
ge sees excellent world economy us behemoth general electric has posted an 18% jump in quarterly,business
howard rejects bnp s claim tory leader michael howard has dismissed claims that his immigration policy,politics
greek duo cleared in doping case sprinters kostas kenteris and katerina thanou have been cleared of,sport
child access laws shake-up parents who refuse to allow former partners contact with their children could,politics
a november to remember last saturday one newspaper proclaimed that england were still the number one,sport
fast moving phone bugs appear security firms are warning about several mobile phone viruses that can,tech
playstation 3 processor unveiled the cell processor which will drive sony s playstation 3 will run,tech
asia shares defy post-quake gloom thailand has become the first of the 10 southern asian nations,business
google to scan famous libraries the libraries of five of the world s most important academic,tech
radcliffe will compete in london paula radcliffe will compete in the flora london marathon this year,sport
us manufacturing expands us industrial production increased in december according to the latest survey from the,business
software watching while you work software that can not only monitor every keystroke and action performed,tech
csa could close says minister ministers would not rule out scrapping the child support agency if,politics
news corp makes $5.4bn fox offer news corporation is seeking to buy out minority investors in,business
global blogger action day called the global web blog community is being called into action to,tech
uk homes hit £3.3 trillion total the value of the uk s housing stock reached the,business
muslim police stops more likely uk muslims should accept that people of islamic appearance are more,politics
sainsbury s labour election gift science minister lord sainsbury has made a £2m donation to the,politics
wales critical of clumsy grewcock wales coach mike ruddock says england lock danny grewcock needs to,sport
bt program to beat dialler scams bt is introducing two initiatives to help beat rogue dialler,tech
businesses fail to plan for hiv companies fail to draw up plans to cope with hiv/aids,business
robertson out to retain euro lure hearts manager john robertson hopes a place in the knock-out,sport
debate needed on donations cap a cap on donations to political parties should not be introduced,politics
cable offers video-on-demand cable firms ntl and telewest have both launched video-on-demand services as the battle,tech
hodgson shoulders england blame fly-half charlie hodgson admitted his wayward kicking played a big part in,sport
us peer-to-peer pirates convicted the first convictions for piracy over peer-to-peer networks have been handed down,tech
el guerrouj targets cross country double olympic champion hicham el guerrouj is set to make a,sport
pountney handed ban and fine northampton coach budge pountney has been fined £2 000 and banned,sport
worldcom boss left books alone former worldcom boss bernie ebbers who is accused of overseeing an,business
holmes starts 2005 with gb events kelly holmes will start 2005 with a series of races,sport
banker loses sexism claim a former executive at the london offices of merrill lynch has lost,business
europe asks asia for euro help european leaders say asian states must let their currencies rise,business
bmw cash to fuel mini production less than four years after the new mini was launched,business
why few targets are better than many the economic targets set out at the lisbon summit,business
federer joins all-time greats the last year has seen one player dominate men s tennis and,sport
correction agency plans dropped plans to create a single correctional agency for scotland have been scrapped.,politics
blair said he would stand down tony blair promised gordon brown he would stand down before,politics
millions to miss out on the net by 2025 40% of the uk s population will,tech
uk house prices dip in november uk house prices dipped slightly in november the office of,business
ireland call up uncapped campbell ulster scrum-half kieran campbell is one of five uncapped players included,sport
collins named uk athletics chief uk athletics has ended its search for a new performance director,sport
rusedski angry over supplements greg rusedski has criticised the governing body of men s tennis for,sport
orange colour clash set for court a row over the colour orange could hit the courts,business
finnan says irish can win group steve finnan believes the republic of ireland can qualify directly,sport
holmes urged to compete at worlds jolanda ceplak has urged britain s kelly holmes to continue,sport
aids and climate top davos agenda climate change and the fight against aids are leading the,business
senior fannie mae bosses resign the two most senior executives at us mortgage giant fannie mae,business
federer forced to dig deep top seed roger federer had to save two match points before,sport
profile: david miliband david miliband s rapid rise through the ranks of government continues with his,politics
more power to the people says hp the digital revolution is focused on letting people tell,tech
gaming firm to sell uk dog tracks six uk greyhound tracks have been put up for,business
anti-spam screensaver scrapped a contentious campaign to bump up the bandwidth bills of spammers by flooding,tech
movie body hits peer-to-peer nets the movie industry has struck out at file-sharing networks with another,tech
uk pledges £1bn to vaccine effort uk chancellor gordon brown has offered £960m ($1.8bn) over 15,politics
giving financial gifts to children your child or grandchild may want the latest toy this christmas,business
the pirates with no profit motive two men who were part of a huge network of,tech
us to probe airline travel chaos the us government is to investigate two airlines- us airways,business
bellamy under new fire newcastle boss graeme souness has reopened his dispute with craig bellamy after,sport
mrs howard gets key election role michael howard s ex-model wife sandra is to play a,politics
laura ashley chief stepping down laura ashley is parting company with its chief executive ainum mohd-saaid.,business
tsunami cost hits jakarta shares the stock market in jakarta has seen its biggest slide in,business
safin plays down wimbledon hopes newly-crowned australian open champion marat safin has ruled out any chance,sport
wenger offers mutu hope arsenal boss arsene wenger would consider signing adrian mutu once the striker,sport
itunes user sues apple over ipod a user of apple s itunes music service is suing,tech
how to make a greener computer the hi-tech industry is starting to get more environmentally aware.,tech
wembley firm won t make a profit shares in multiplex group which is building the new,business
warnings on woeful wi-fi security companies are getting worse at keeping their wireless data networks secure.,tech
defection timed to hit tax pledge with impeccable and precisely-calculated timing tory defector robert jackson and,politics
voters flock to blog awards site voting is under way for the annual bloggies which recognise,tech
man utd to open books to glazer manchester united s board has agreed to give us,business
campbell returns to election team ex-downing street media chief alastair campbell will return to the fold,politics
kennedy questions trust of blair lib dem leader charles kennedy has said voters now have a,politics
warnings about junk mail deluge the amount of spam circulating online could be about to undergo,tech
dollar gains on greenspan speech the dollar has hit its highest level against the euro in,business
diageo to buy us wine firm diageo the world s biggest spirits company has agreed to,business
nigeria to boost cocoa production the government of nigeria is hoping to triple cocoa production over,business
pm apology over jailings tony blair has apologised to two families who suffered one of the,politics
slovakia seal hopman cup success slovakia clinched the hopman cup for the second time by beating,sport
bmw reveals new models pipeline bmw is preparing to enter the market for car-style people carriers,business
blog picked as word of the year the term blog has been chosen as the top,tech
newcastle to join morientes race newcastle have joined the race to sign real madrid striker fernando,sport
economy strong in election year uk businesses are set to prosper during the next few months,business
telewest to challenge sky plus cable firm telewest is to offer a personal video recorder (pvr),tech
souness delight at euro progress boss graeme souness felt newcastle were never really in danger of,sport
podcasts mark rise of diy radio an apple ipod or other digital music players can hold,tech
first look at playstation 3 chip some details of the chip inside sony s playstation 3,tech
man utd through after exeter test manchester united avoided an fa cup upset by edging past,sport
benitez delight after crucial win liverpool manager rafael benitez admitted victory against deportivo la coruna was,sport
hyundai to build new india plant south korea s hyundai motor has announced that it plans,business
russian oil merger excludes yukos the merger of russian gas giant gazprom and oil firm rosneft,business
schools to take part in mock poll record numbers of schools across the uk are to,politics
student inequality exposed teenagers from well-off backgrounds are six times more likely to go to university,politics
china aviation seeks rescue deal scandal-hit jet fuel supplier china aviation oil has offered to repay,business
whitehall shredding increasing - tories civil servants have drastically stepped up the shredding of official documents,politics
ferdinand casts doubt over glazer rio ferdinand has said he is unsure of malcolm glazer s,sport
jones files conte lawsuit marion jones has filed a lawsuit for defamation against balco boss victor,sport
aragones angered by racism fine spain coach luis aragones is furious after being fined by the,sport
coach ranieri sacked by valencia claudio ranieri has been sacked as valencia coach just eight months,sport
hollywood to sue net film pirates the us movie industry has launched legal action to sue,tech
executive trio leave aer lingus three senior executives of ireland s state-owned airline aer lingus are,business
davies favours gloucester future wales hooker mefin davies is likely to stay with english side gloucester,sport
boothroyd calls for lords speaker betty boothroyd has said the house of lords needs its own,politics
french wine gets 70m euro top-up the french government is to hand its struggling wine industry,business
go-ahead for new internet names the internet could soon have two new domain names aimed at,tech
anelka eyes man city departure striker nicolas anelka reportedly wants to leave manchester city in search,sport
parmalat boasts doubled profits parmalat the italian food group at the centre of one of europe,business
o connell rejects lions rumours ireland and munster lock paul o connell has dismissed media reports,sport
kenyan school turns to handhelds at the mbita point primary school in western kenya students click,tech
argonaut founder rebuilds empire jez san the man behind the argonaut games group which went into,tech
ireland 21-19 argentina an injury-time dropped goal by ronan o gara stole victory for ireland from,sport
campbell lifts lid on united feud arsenal s sol campbell has called the rivalry between manchester,sport
brown calls for £5.5bn aids fund gordon brown has called on rich nations to fund a,politics
beattie return calms attack fears everton striker james beattie has been declared fit for training on,sport
o driscoll/gregan lead aid stars ireland s brian o driscoll will lead the northern hemisphere team,sport
robotic pods take on car design a new breed of wearable robotic vehicles that envelop drivers,tech
connors rallying cry for british tennis do you have it in your heart how much guts,sport
radcliffe enjoys winning comeback paula radcliffe made a triumphant return to competitive running with victory in,sport
sony psp console hits us in march us gamers will be able to buy sony s,tech
england claim dubai sevens glory england beat fiji 26-21 in a dramatic final in dubai to,sport
tory backing for id cards the tories are to back controversial government plans to introduce id,politics
duff ruled out of barcelona clash chelsea s damien duff has been ruled out of wednesday,sport
yelling takes cardiff hat-trick european cross-country champion hayley yelling completed a hat-trick of wins in the,sport
us seeks new $280bn smoker ruling the us justice department is to try to overturn a,business
labour plans maternity pay rise maternity pay for new mothers is to rise by £1 400,politics
dutch bank to lay off 2 850 staff abn amro the netherlands largest bank is to,business
dent continues adelaide progress american taylor dent reached the final of the australian hardcourt event in,sport
chelsea ridiculed over complaint barcelona assistant coach henk ten cate has branded chelsea s expected complaint,sport
wenger rules out new keeper arsenal boss arsene wenger says he has no plans to sign,sport
legendary dutch boss michels dies legendary dutch coach rinus michels the man credited with developing total,sport
can smith work scottish wonders the worst kept secret in scottish football was revealed on thursday,sport
conservative backing for id cards the tories are to back controversial government plans to introduce id,politics
pompeii gets digital make-over the old-fashioned audio tour of historical places could soon be replaced with,tech
mido makes third apology ahmed mido hossam has made another apology to the egyptian people in,sport
new year s texting breaks record a mobile phone was as essential to the recent new,tech
lufthansa may sue over bush visit german airline lufthansa may sue federal agencies for damages after,business
gold falls on imf sale concerns the price of gold has fallen after the international monetary,business
peers debate crown succession law peers are debating proposals to change the rules governing the succession,politics
video phones act as dating tools technologies from e-mail to net chatrooms instant messaging and mobiles,tech
ministers deny care sums wrong ministers have insisted they are committed to free personal care for,politics
saudi ministry to employ women women will be employed in saudi arabia s foreign ministry for,business
newest eu members underpin growth the european union s newest members will bolster europe s economic,business
blair prepares to name poll date tony blair is likely to name 5 may as election,politics
blinx sequel purrs nicely the original blinx was intended to convert many platform game lovers to,tech
clyde 0-5 celtic celtic brushed aside clyde to secure their place in the scottish cup semi-final,sport
dogged federer claims dubai crown world number one roger federer added the dubai championship trophy to,sport
venus stunned by farina elia venus williams suffered a first-round defeat for the first time in,sport
napster offers rented music to go music downloading for those that have rejected the free peer,tech
file-swappers ready new network legal attacks on websites that help people swap pirated films have forced,tech
holmes secures comeback victory britain s kelly holmes marked her first appearance on home soil since,sport
isinbayeva claims new world best pole vaulter yelena isinbayeva broke her own indoor world record by,sport
oil prices fall back from highs oil prices retreated from four-month highs in early trading on,business
wal-mart to pay $14m in gun suit the world s largest retailer wal-mart has agreed to,business
smith aims to bring back respect scotland manager walter smith says he wants to restore the,sport
fuming robinson blasts officials england coach andy robinson insisted he was livid after his side were,sport
labour mps fears over squabbling if there is one thing certain to stiffen the spines of,politics
downing injury mars uefa victory middlesbrough boss steve mcclaren hopes that stewart downing did not seriously,sport
tories pledge free sports lessons children would be offered two hours free sports training a week,politics
buyers snap up jet airways shares investors have snapped up shares in jet airways india s,business
turkey-iran mobile deal at risk turkey s investment in iran s mobile industry looks set to,business
blog reading explodes in america americans are becoming avid blog readers with 32 million getting hooked,tech
feta cheese battle reaches court a row over whether only greece should be allowed to label,business
nintendo handheld given euro date nintendo s new handheld console the ds will launch in europe,tech
scotland 18-10 italy six chris paterson penalties gave scotland victory in a dour but clinical encounter,sport
chepkemei joins edinburgh line-up susan chepkemei has decided she is fit enough to run in next,sport
us data sparks inflation worries wholesale prices in the us rose at the fastest rate in,business
newcastle line up babayaro newcastle manager graeme souness is closing in on signing chelsea defender celestine,sport
macy s owner buys rival for $11bn us retail giant federated department stores is to buy,business
parmar ruled out of davis cup tie a knee injury has forced arvind parmar out of,sport
broadband takes on tv viewing the number of europeans with broadband has exploded over the past,tech
worldcom director admits lying the former chief financial officer at us telecoms firm worldcom has admitted,business
europe backs digital tv lifestyle how people receive their digital entertainment in the future could change,tech
sa unveils more for all budget the south african government has put tax cuts and increased,business
new ukip defection to veritas the uk independence party has lost one of its two london,politics
councils must find gypsy sites ministers are telling councils to find more sites for travellers amid,politics
blair s hope for blunkett return the events leading to david blunkett s resignation must not,politics
terror detainees win lords appeal detaining foreign terrorist suspects without trial breaks human rights laws the,politics
bridge could miss rest of season chelsea left-back wayne bridge could miss the rest of the,sport
what s next for next-gen consoles the next generation of video games consoles are in development,tech
tories leave door open for archer the conservative party would deal sympathetically with any application by,politics
new rules tackle sham weddings new rules on marriage for foreign nationals living in the uk,politics
technology gets the creative bug the hi-tech and the arts worlds have for some time danced,tech
mirza shocks kuznetsova sania mirza continued her remarkable rise with victory over us open champion svetlana,sport
casual gaming to take off games aimed at casual players are set to be even bigger,tech
super union merger plan touted two of britain s big trade unions could merge to form,politics
hearts 2-1 livingston hearts wrapped up their scottish cup quarter-final tie against livingston with two goals,sport
ec calls truce in deficit battle the european commission (ec) has called a truce in its,business
crisis ahead in social sciences a national body designed to tackle skills shortages in key subjects,politics
christmas sales worst since 1981 uk retail sales fell in december failing to meet expectations and,business
tindall wants second opinion england centre mike tindall is to seek a second opinion before having,sport
local net tv takes off in austria an austrian village is testing technology that could represent,tech
oil companies get russian setback international oil and mining companies have reacted cautiously to russia s,business
borussia dortmund near bust german football club and former european champion borussia dortmund has warned it,business
blogs take on the mainstream web logs or blogs are everywhere with at least an estimated,tech
o gara revels in ireland victory ireland fly-half ronan o gara hailed his side s 19-13,sport
india opens skies to competition india will allow domestic commercial airlines to fly long haul international,business
pavey focuses on indoor success jo pavey will miss january s view from great edinburgh international,sport
mobile gig aims to rock 3g forget about going to a crowded bar to enjoy a,tech
slowdown hits us factory growth us industrial production increased for the 21st month in a row,business
dollar slides ahead of new year the us dollar has hit a new record low against,business
relay squad thrilled with honours jason gardener says being made an mbe in the new year,sport
japanese growth grinds to a halt growth in japan evaporated in the three months to september,business
soaring oil hits world economy the soaring cost of oil has hit global economic growth although,business
blair says uk tsunami aid to soar tony blair has predicted the british government will eventually,politics
martinez sees off vinci challenge veteran spaniard conchita martinez came from a set down to beat,sport
french consumer spending rising french consumers increased their spending by 1.5% in january a figure which,business
hospital suspends no welsh plan an english hospital has suspended plans to stop treating welsh patients,politics
uk heading wrong way says howard tony blair has had the chance to tackle the problems,politics
yahoo celebrates a decade online yahoo one of the net s most iconic companies is celebrating,tech
protesters plan airport challenge campaigners against the expansion of britain s airports have begun challenging the,politics
ukraine strikes turkmen gas deal ukraine has agreed to pay 30% more for natural gas supplied,business
federer claims dubai crown world number one roger federer added the dubai championship trophy to his,sport
google launches tv search service the net search giant google has launched a search service that,tech
woolf murder sentence rethink plans to give murderers lighter sentences if they plead guilty have been,politics
fiat chief takes steering wheel the chief executive of the fiat conglomerate has taken day-to-day control,business
small firms hit by rising costs rising fuel and materials costs are hitting confidence among the,business
web helps collect aid donations the web is helping aid agencies gather resources to help cope,tech
labour s election love-in peace and love have been in short supply in the labour party,politics
nuclear strike key terror risk the uk and us must realise they cannot prevent all terror,politics
uk firm faces venezuelan land row venezuelan authorities have said they will seize land owned by,business
weak dollar trims cadbury profits the world s biggest confectionery firm cadbury schweppes has reported a,business
o driscoll out of scotland game ireland captain brian o driscoll has been ruled out of,sport
mexican in us send $16bn home mexican labourers living in the us sent a record $16.6bn,business
brown targets oaps and homebuyers gordon brown has doubled the level at which house buyers pay,politics
kennedy s cautious optimism charles kennedy is far too canny to make any grand claims about,politics
us duo in first spam conviction a brother and sister in the us have been convicted,tech
smartphones suffer skulls attack owners of some nokia smartphones are being warned to watch out for,tech
mcclaren hails boro s uefa spirit middlesbrough boss steve mcclaren has praised the way his side,sport
microsoft sets sights on spyware windows users could soon be paying microsoft to keep pcs free,tech
irish company hit by iraqi report shares in irish oil company petrel resources have lost more,business
wales must learn health lessons the new health minister for wales says there are lessons to,politics
tsunami to hit sri lanka banks sri lanka s banks face hard times following december s,business
iran jails blogger for 14 years an iranian weblogger has been jailed for 14 years on,tech
blunkett tells of love and pain david blunkett has spoken of his love for married publisher,politics
china suspends 26 power projects china has ordered a halt to construction work on 26 big,business
us interest rates increased to 2% us interest rates are to rise for the fourth time,business
losing yourself in online gaming online role playing games are time-consuming  but enthralling flights from reality.,tech
nhs waiting time target is cut hospital waiting times for patients in wales are to be,politics
french boss to leave eads the french co-head of european defence and aerospace group eads philippe,business
barbarians 19-47 new zealand new zealand proved too strong for an australian-dominated barbarians to round off,sport
slovakia reach hopman cup final slovakia will play argentina in the final of the hopman cup,sport
spurs to sign iceland u21 star tottenham are primed to snap up iceland under-21 international emil,sport
world leaders gather to face uncertainty more than 2 000 business and political leaders from around,business
moya sidesteps davis cup in 2005 carlos moya has chosen not to help spain try and,sport
probe launched on ken nazi jibe an investigation by the standards board is under way following,politics
scotland v italy (sat) murrayfield edinburgh saturday 26 february 1400 gmt bbc1 five live and this,sport
dollar drops on reserves concerns the us dollar has dropped against major currencies on concerns that,business
consumer spending lifts us growth us economic growth accelerated in the third quarter helped by strong,business
mourinho to escape fa charge chelsea boss jose mourinho will not face any football association action,sport
bank holds interest rate at 4.75% the bank of england has left interest rates on hold,business
mcdonald s to sponsor mtv show mcdonald s the world s largest restaurant chain is to,business
us casino tricks face ban in uk controversial new uk casinos will be banned from using,politics
speak easy plan for media players music and film fans will be able to control their,tech
solskjaer raises hopes of return manchester united striker ole gunnar solskjaer said he hoped to return,sport
mobile music challenges ipod age nokia and microsoft have agreed a deal to work on delivery,tech
commons hunt protest charges eight protesters who stormed the house of commons chamber during a debate,politics
gerrard plays down european hopes steven gerrard has admitted that liverpool have little chance of winning,sport
reyes tricked into real admission jose antonio reyes has added to speculation linking him with a,sport
chepkemei hit by big ban kenya s athletics body has suspended two-time london marathon runner-up susan,sport
glaxo aims high after profit fall glaxosmithkline saw its profits fall 9% last year to £6.2bn,business
unilever shake up as profit slips anglo-dutch consumer goods giant unilever is to merge its two,business
white admits to balco drugs link banned american sprinter kelli white says she knowingly took steroids,sport
turkey knocks six zeros off lira turkey is to relaunch its currency on saturday knocking six,business
making your office work for you our mission to brighten up your working lives continues -,business
q&a: malcolm glazer and man utd the battle for control of manchester united has taken another,business
pandas benefit from wireless net the world s dwindling panda population is getting a helping hand,tech
no to royal succession shake-up a labour peer has withdrawn proposals to give female members of,politics
student fee factor played down a rise has been recorded in the number of students from,politics
kennedy looks to election gains they may not know quite how to describe their position in,politics
yangtze electric s profits double yangtze electric power the operator of china s three gorges dam,business
faith schools citizenship warning schools must improve the quality of citizenship lessons - or social cohesion,politics
juninho demand for o neill talks juninho s agent has confirmed that the player is hoping,sport
gardener battles to narrow win jason gardener fought all the way to the line to narrowly,sport
xbox 2 may be unveiled in summer details of the next generation of microsoft s xbox,tech
gm pays $2bn to evade fiat buyout general motors of the us is to pay fiat,business
howard dismisses tory tax fears michael howard has dismissed fears from some conservatives that his plans,politics
pension hitch for long-living men male life expectancy is much higher than originally estimated leading pension,business
ibm frees 500 software patents computer giant ibm says 500 of its software patents will be,tech
blair joins school sailing trip the prime minister has donned a life jacket and joined school,politics
india s maruti sees profits jump india s biggest carmaker maruti has reported a sharp increase,business
big guns ease through in san jose top-seeded americans andy roddick and andre agassi survived minor,sport
wilkinson to miss ireland match england will have to take on ireland in the six nations,sport
councils prepare to set tax rises council tax in scotland is set to rise by an,politics
clarke to unveil immigration plan new controls on economic migrants and tighter border patrols will be,politics
iraqi voters turn to economic issues beyond the desperate security situation in iraq lies an economy,business
france telecom gets orange boost strong growth in subscriptions to mobile phone network orange has helped,business
hitachi unveils fastest robot japanese electronics firm hitachi has unveiled its first humanoid robot called emiew,tech
euronext joins bid battle for lse pan-european stock market euronext has approached the london stock exchange,business
strachan turns down pompey former southampton manager gordon strachan has rejected the chance to become portsmouth,sport
scots smoking ban details set out smoke-free areas will save lives and improve scotland s health,politics
when invention turns to innovation it is unlikely that future technological inventions are going to have,tech
russia gets investment blessing soaring oil sales and a budget surplus mean russian debt is no,business
yukos accused of lying to court russian oil firm yukos lied to a us court in,business
wales hails new superstar one game into his six nations career and gavin henson is already,sport
lib dems stress budget trust gap public trust in the handling of the economy can only,politics
o sullivan commits to dublin race sonia o sullivan will seek to regain her title at,sport
tough rules for ringtone sellers firms that flout rules on how ringtones and other mobile extras,tech
reaction from spanish press england s 1-0 defeat to spain on wednesday dominated the back and,sport
apple sues to stop product leaks computer firm apple has issued a lawsuit to prevent online,tech
tv calls after carroll error spurs boss martin jol said his team were robbed at manchester,sport
china ripe for media explosion asia is set to drive global media growth to 2008 and,tech
parties build up poll war chests the labour party received more than £5m in donations in,politics
imf agrees fresh turkey funding turkey has agreed a draft proposal with the international monetary fund,business
clarke faces id cards rebellion charles clarke faces his first real test as home secretary on,politics
brown shrugs off economy fears gordon brown is to freeze petrol duty increases fund a £1bn,politics
lacroix label bought by us firm luxury goods group lvmh has sold its loss-making christian lacroix,business
low-cost airlines hit eurotunnel channel tunnel operator eurotunnel has seen sales fall in the face of,business
voters don t trust politicians eight out of 10 voters do not trust politicians to tell,politics
civil servants in strike ballot the uk s biggest civil service union is to ballot its,politics
blair stresses prosperity goals tony blair says his party s next manifesto will be unremittingly new,politics
eu fraud clampdown urged eu member states are failing to report fraud and irregularities in eu,politics
bristol city 2-1 milton keynes leroy lita took his goal tally to 13 for the season,sport
mixed reaction to man utd offer shares in manchester united were up over 5% by noon,business
parry puts gerrard above money listen to the full interview on sport on five and the,sport
mccall earns tannadice reprieve dundee united manager ian mccall has won a reprieve from the sack,sport
rush future at chester uncertain ian rush s future as chester manager is uncertain after he,sport
blair and blunkett sheffield trip tony blair is to join home secretary david blunkett in a,politics
tories opposing 24-hour drinking the tories say plans to extend pub opening times should be put,politics
sales fail to boost high street the january sales have failed to help the uk high,business
security warning over fbi virus the us federal bureau of investigation is warning that a computer,tech
why cell will get the hard sell the world is casting its gaze on the cell,tech
observers to monitor uk election ministers will invite international observers to check the forthcoming uk general,politics
english clubs make euro history all four of england s champions league representatives have reached the,sport
fannie mae should restate books us mortgage company fannie mae should restate its earnings a move,business
blind student hears in colour a blind student has developed software that turns colours into musical,tech
poll idols face first hurdles vote for me - itv1 s pop idol style talent contest,politics
joke e-mail virus tricks users a virus that disguises itself as a joke is spreading rapidly,tech
dallaglio his own man to the end controversy and lawrence dallaglio have never been very far,sport
parry firm over gerrard listen to the full interview on sport on five and the bbc,sport
tory expert denies defeat warning the conservatives campaign director has denied a report claiming he warned,politics
spain coach faces racism inquiry spain s football federation has initiated disciplinary action against national coach,sport
opposition grows to house arrests the conservatives have expressed serious misgivings about government plans for keeping,politics
call for kenteris to be cleared kostas kenteris lawyer has called for the doping charges against,sport
cebit opens to mobile music tune cebit the world s largest hi-tech fair has opened its,tech
vickery out of six nations england tight-head prop phil vickery has been ruled out of the,sport
choose hope over fear - kennedy voters will have a clear choice between the politics of,politics
text message record smashed uk mobile owners continue to break records with their text messaging with,tech
tigers wary of farrell gamble leicester say they will not be rushed into making a bid,sport
citizenship event for 18s touted citizenship ceremonies could be introduced for people celebrating their 18th birthday,politics
tate & lyle boss bags top award tate & lyle s chief executive has been named,business
mobiles double up as bus tickets mobiles could soon double up as travel cards with nokia,tech
labour accused of eu propaganda a taxpayer subsidised propaganda exercise on the eu is being used,politics
mcclaren targets champions league middlesbrough boss steve mcclaren believes his side can clinch a top-four spot,sport
daimlerchrysler s 2004 sales rise us-german carmaker daimlerchrysler has sold 2.1% more cars in 2004 than,business
nasdaq planning $100m share sale the owner of the technology-dominated nasdaq stock index plans to sell,business
steady job growth continues in us the us created fewer jobs than expected in december but,business
japan economy slides to recession the japanese economy has officially gone back into recession for the,business
wasps 31-37 leicester leicester withstood a stunning wasps comeback to win a pulsating heineken cup encounter,sport
huge rush for jet airways shares indian airline jet airways initial public offering was oversubscribed 16.2,business
mcconnell details scots wave toll at least three people from scotland died in the tsunami disaster,politics
australia rates at four year high australia is raising its benchmark interest rate to its highest,business
visa decision every 11 minutes visa processing staff are sometimes expected to rule on an application,politics
iaaf will contest greek decision the international association of athletics federations will appeal against the acquittal,sport
deutsche boerse boosts dividend deutsche boerse the german stock exchange that is trying to buy its,business
renault boss hails great year strong sales outside western europe helped renault boost its profits by,business
us bank in $515m sec settlement five bank of america subsidiaries have agreed to pay a,business
terror suspects face house arrest uk citizens suspected of involvement in terrorism could face house arrest,politics
tories plan migrant health checks non-european union citizens wanting to work in the uk will have,politics
moody joins up with england lewis moody has flown to dublin to join england s camp,sport
hansen delays return until 2006 british triple jumper ashia hansen has ruled out a comeback this,sport
concerns at school diploma plan final appeals are being made for the government not to ditch,politics
could yukos be a blessing in disguise other things being equal the notion of entrepreneurs languishing,business
umbro profits lifted by euro 2004 uk sportswear firm umbro has posted a 222% rise in,business
khodorkovsky quits yukos shares jailed tycoon mikhail khodorkovsky has transferred his controlling stake in oil giant,business
us adds more jobs than expected the us economy added 337 000 jobs in october -,business
vodafone appoints new japan boss vodafone has drafted in its uk chief executive william morrow to,business
radcliffe eyes hard line on drugs paula radcliffe has called for all athletes found guilty on,sport
howard s unfinished business he s not finished yet whispered the conservative party person as your,politics
england s defensive crisis grows england s defensive worries have deepened following the withdrawal of tottenham,sport
gamer buys $26 500 virtual land a 22-year-old gamer has spent $26 500 (£13 700) on,tech
goldsmith denies war advice claim the attorney general has denied his statement to parliament about the,politics
uk needs true immigration data a former home office minister has called for an independent body,politics
mps issued with blackberry threat mps will be thrown out of the commons if they use,politics
hewitt falls to dent in adelaide lleyton hewitt suffered a shock defeat to taylor dent in,sport
standard life cuts policy bonuses standard life europe s largest mutual life insurer has cut bonuses,business
enron bosses in $168m payout eighteen former enron directors have agreed a $168m (£89m) settlement deal,business
straw praises kashmir moves the uk has welcomed the decision by india and pakistan to open,politics
strike threat over pension plans millions of public service workers could strike if ministers scrap their,politics
wenger steps up row arsene wenger has stepped up his feud with sir alex ferguson by,sport
hotspot users gain free net calls people using wireless net hotspots will soon be able to,tech
everton s weir cools euro hopes everton defender david weir has played down talk of european,sport
howard attacks pay later budget tory leader michael howard has dismissed gordon brown s budget as,politics
lords wrong on detainees - straw jack straw has attacked the decision by britain s highest,politics
hingis to make unexpected return martina hingis makes her return to competitve tennis after two years,sport
commodore finds new lease of life the once-famous commodore computer brand could be resurrected after being,tech
parliament s record of scandal in a locked room at the heart of parliament there is,politics
ministers naive over phone-taps the government is being naive by refusing to allow phone-tap evidence in,politics
koubek suspended after drugs test stefan koubek says he has been banned for three months by,sport
police detain chinese milk bosses chinese police have detained three top executives at milk firm yili,business
britannia members £42m windfall more than 800 000 britannia building society members are to receive a,business
uefa approves fake grass uefa says it will allow european matches to be played on artificial,sport
blair pledges unity to labour mps tony blair has sought to reassure labour backbenchers that nothing,politics
robben sidelined with broken foot chelsea winger arjen robben has broken two metatarsal bones in his,sport
wipro beats forecasts once again wipro india s third-biggest software firm has reported a 60% rise,business
pc ownership to double by 2010 the number of personal computers worldwide is expected to double,tech
web radio takes spanish rap global spin the radio dial in the us and you are,tech
parmalat bank barred from suing bank of america has been banned from suing parmalat the food,business
brown in appeal for labour unity gordon brown has made an appeal for unity after reports,politics
wenger handed summer war chest arsenal boss arsene wenger has been guaranteed transfer funds to boost,sport
cherie accused of attacking bush cherie blair has been accused of criticising george w bush s,politics
capriati to miss melbourne jennifer capriati has become the third leading lady to withdraw from the,sport
parmalat sues 45 banks over crash parmalat has sued 45 banks as it tries to reclaim,business
retirement age could be scrapped the myth that ageing is a barrier to contributing to society,politics
dvd copy protection strengthened dvds will be harder to copy thanks to new anti-piracy measures devised,tech
cheaper chip for mobiles a mobile phone chip which combines a modem and a computer processor,tech
us budget deficit to reach $368bn the us budget deficit is set to hit a worse-than-expected,business
row brewing over peer-to-peer ads music download networks are proving popular not just with an audience,tech
budget to set scene for election gordon brown will seek to put the economy at the,politics
games enter the classroom video games could soon be transplanted from their natural habitat to the,tech
dawson joins england injury list scrum-half matt dawson is an injury doubt for england s six,sport
murray to make cup history andrew murray will become britain s youngest-ever davis cup player after,sport
terror powers expose tyranny the lord chancellor has defended government plans to introduce control orders to,politics
falconer rebuts charade claims concessions on a bill which critics claim would allow euthanasia through the,politics
final hunts held as ban looms hunts in england and wales have begun on the last,politics
uk interest rates held at 4.75% the bank of england has left interest rates on hold,business
cole faces lengthy injury lay-off aston villa s carlton cole could be out for six weeks,sport
brewers profits lose their fizz heineken and carlsberg two of the world s largest brewers have,business
houllier praises benitez regime former liverpool manager gerard houllier has praised the work of his anfield,sport
progress on new internet domains by early 2005 the net could have two new domain names.,tech
indonesians face fuel price rise indonesia s government has confirmed it is considering raising fuel prices,business
henman decides to quit davis cup tim henman has retired from great britain s davis cup,sport
eu ministers to mull jet fuel tax european union finance ministers are meeting on thursday in,business
dawson wins england squad recall wasps scrum-half matt dawson has been recalled to england s training,sport
ericsson sees earnings improve telecoms equipment supplier ericsson has posted a rise in fourth quarter profits,business
news corp eyes video games market news corp the media company controlled by australian billionaire rupert,business
regiments group in poll move a regiments campaign group is to target nine marginal labour seats,politics
blunkett unveils policing plans people could be given the mobile phone number of their local bobby,politics
ebbers denies worldcom fraud former worldcom chief bernie ebbers has denied claims that he knew accountants,business
ruddock backs yapp s credentials wales coach mike ruddock says john yapp has what it takes,sport
peace demo appeal rejected peace protestors have lost a landmark appeal over police actions in stopping,politics
federer breezes into semi-finals roger federer reached the last four of the qatar open with an,sport
blair sees greater bush consensus george w bush will display a more consensual approach to world,politics
parker misses england clash tom shanklin will start in the centre for wales against england in,sport
gardener wins double in glasgow britain s jason gardener enjoyed a double 60m success in glasgow,sport
more to do on adult literacy the government will only hit its target for improving adult,politics
mourinho receives robson warning sir bobby robson has offered chelsea boss jose mourinho some advice on,sport
galloway targets new labour mp george galloway is to stand against pro-iraq war labour mp oona,politics
wales stars need a rest - ruddock wales coach mike ruddock has defended his decision not,sport
chelsea sack mutu chelsea have sacked adrian mutu after he failed a drugs test.,sport
brown visits slum on africa trip chancellor gordon brown has visited kenya s biggest shantytown as,politics
mandelson warns bbc on campbell the bbc should steer away from demonising ex-downing street media chief,politics
speech takes on search engines a scottish firm is looking to attract web surfers with a,tech
hatfield executives go on trial engineering firm balfour beatty and five railway managers are to go,politics
rolling out next generation s net the body that oversees how the net works grows and,tech
us bank boss hails genius smith us federal reserve chairman alan greenspan has given a speech,business
blunkett hints at election call ex-home secretary david blunkett has given fresh clues that the general,politics
firms pump billions into pensions employers have spent billions of pounds propping up their final salary,business
hantuchova in dubai last eight daniela hantuchova moved into the quarter-finals of the dubai open after,sport
s korean credit card firm rescued south korea s largest credit card firm has averted liquidation,business
weir poised for sunderland move larne s teenage star robbie weir is poised to join sunderland,sport
game warnings must be clearer violent video games should carry larger warnings so parents can understand,politics
redknapp s saints face pompey tie new southampton manager harry redknapp faces an immediate reunion with,sport
charvis set to lose fitness bid flanker colin charvis is unlikely to play any part in,sport
uk risks breaking golden rule the uk government will have to raise taxes or rein in,business
us woman sues over ink cartridges a us woman is suing hewlett packard (hp) saying its,tech
will the budget bring out smiling voters as tory spokesman oliver letwin said - any chancellor,politics
barcelona title hopes hit by loss barcelona s pursuit of the spanish title took a blow,sport
chinese dam firm defies beijing the china three gorges project corp is refusing to obey a,business
kirwan demands italy consistency italy coach john kirwan has challenged his side to match the performance,sport
china bans new tobacco factories the world s biggest tobacco consumer china has said it will,business
japan narrowly escapes recession japan s economy teetered on the brink of a technical recession in,business
asian banks halt dollar s slide the dollar regained some lost ground against most major currencies,business
s korean consumers spending again south korea looks set to sustain its revival thanks to renewed,business
car giant hit by mercedes slump a slump in profitability at luxury car maker mercedes has,business
labour accused of broken pledge labour has already broken its pre-election promise on immigration before the,politics
steel firm to cut 45 000 jobs mittal steel one of the world s largest steel,business
hollywood campaign hits websites movie studio efforts to stop pirated films being shared on peer-to-peer networks,tech
teenager tait picked for england newcastle s teenage centre mathew tait has been named as a,sport
slow start to speedy net services faster broadband in the uk is becoming a reality as,tech
text message record smashed again uk mobile owners continue to break records with their text messaging,tech
tories outlining policing plans local communities would be asked to go to the polls to elect,politics
calder fears for scottish rugby former scotland international finlay calder fears civil war at the sru,sport
o leary agrees new villa contract aston villa boss david o leary signed a three-and-a-half year,sport
poles play with gameboy blip-pop a group of artists in poland has taken the cacophony of,tech
game makers get xbox 2 sneak peek microsoft has given game makers a glimpse of the,tech
celtic make late bid for bellamy newcastle striker craig bellamy is discussing a possible short-term loan,sport
split-caps pay £194m compensation investors who lost money following the split-capital investment trust scandal are to,business
labour s core support takes stock tony blair has told labour supporters he s back and,politics
microsoft releases patches microsoft has warned pc users to update their systems with the latest security,tech
warning over us pensions deficit taxpayers may have to bail out the us agency that protects,business
tory candidate quits over remark a conservative election challenger is quitting after being quoted as wanting,politics
ronaldo considering new contract manchester united winger cristiano ronaldo said he is close to agreeing to,sport
bank voted 8-1 for no rate change the decision to keep interest rates on hold at,business
collins appeals against drugs ban sprinter michelle collins has lodged an appeal against her eight-year doping,sport
china continues breakneck growth china s economy has expanded by a breakneck 9.5% during 2004 faster,business
desailly backs blues revenge trip marcel desailly insists there is no chance of history repeating itself,sport
big war games battle it out the arrival of new titles in the popular medal of,tech
saab to build cadillacs in sweden general motors the world s largest car maker has confirmed,business
ukraine steel sell-off illegal the controversial sell-off of a ukrainian steel mill to a relative of,business
quiksilver moves for rossignol shares of skis rossignol the world s largest ski-maker have jumped as,business
lomu relishing return to action former all black star jonah lomu says he cannot wait to,sport
ferguson hails man utd s resolve manchester united s alex ferguson has praised his players gutsy,sport
running around the olympics it was back to official duties last week in my role as,sport
friends fear with lost mobiles people are becoming so dependent on their mobile phones that one,tech
yukos sues four firms for $20bn russian oil firm yukos has sued four companies for their,business
officials respond in court row australian tennis top official has defended the australian open courts at,sport
green fear for transport ballot the green party is concerned thousands of residents may not be,politics
call to overhaul uk state pension the uk pension system has been branded inadequate and too,business
what now for kelly holmes last april kelly holmes spoke to the bbc sport website about,sport
id theft surge hits us consumers almost a quarter of a million us consumers complained of,business
kilroy names election seat target ex-chat show host robert kilroy-silk is to contest the derbyshire seat,politics
mourinho defiant on chelsea form chelsea boss jose mourinho has insisted that sir alex ferguson and,sport
when technology gets personal in 2020 whipping out your mobile phone to make a call will,tech
rivals of the £400 apple...,tech
murphy: that was a bruising battle that s what i call a tough game.,sport
howard attacks cost of asylum michael howard has launched an attack on the cost of britain,politics
a year to remember for irish there used to be one subliminal moment during a year,sport
clarke defends terror detentions the home secretary has defended his decision not to release foreign terror,politics
anti-terror plan faces first test plans to allow home secretary charles clarke to place terror suspects,politics
screensaver tackles spam websites net users are getting the chance to fight back against spam websites,tech
faultless federer has no equal roger federer - nice bloke fantastic tennis player - the ultimate,sport
borders rail link campaign rally campaigners are to stage a rally calling for a borders rail,politics
eu china arms ban to be lifted the eu embargo on arms exports to china is,politics
web logs aid disaster recovery some of the most vivid descriptions of the devastation in southern,tech
greek sprinters won t run again the careers of sprinters kostas kenteris and katerina thanou are,sport
german jobless rate at new record more than 5.2 million germans were out of work in,business
tech helps disabled speed demons an organisation has been launched to encourage disabled people to get,tech
share boost for feud-hit reliance the board of indian conglomerate reliance has agreed a share buy-back,business
kenya lift chepkemei s suspension kenya s athletics body has reversed a ban on marathon runner,sport
electrolux to export europe jobs electrolux saw its shares rise 14% on tuesday after it said,business
injury doubts beset wales squad wales have a clutch of injury worries before wednesday s international,sport
freeze on anti-spam campaign a campaign by lycos europe to target spam-related websites appears to have,tech
us bank loses customer details the bank of america has revealed it has lost computer tapes,business
analysis: no pain no gain he called it his masochism strategy in the run-up to the,politics
india and iran in gas export deal india has signed a $40bn (£21bn) deal to import,business
santini resigns as spurs manager tottenham manager jacques santini has resigned for  personal reasons .,sport
yukos bankruptcy not us matter russian authorities do not have to abide by any us court,business
galloway plea for hostage release ex-labour mp george galloway has appealed for the release of aid,politics
tindall aiming to earn lions spot bath and england centre mike tindall believes he can make,sport
dozens held over id fraud site twenty-eight people including a briton have been arrested after a,tech
wru proposes season overhaul the welsh rugby union wants to restructure the northern hemisphere season into,sport
blair blasts tory spending plans tony blair has launched an attack on conservative spending plans saying,politics
benitez issues warning to gerrard liverpool manager rafael benitez has ordered captain steven gerrard not to,sport
palace threat over cantona masks manchester united fans wearing eric cantona masks will not be allowed,sport
aviation firms eye booming india india s defence minister has opened the country s aero india,business
ds aims to touch gamers the mobile gaming industry is set to explode in 2005 with,tech
o sullivan could run in worlds sonia o sullivan has indicated that she would like to,sport
guantanamo four questioned the four britons freed from us custody in guantanamo bay are expected to,politics
muslims discuss election concerns issues that muslims should be considering before voting in the next general,politics
concerns over windows atms cash machine networks could soon be more susceptible to computer viruses a,tech
broadband fuels online change fast web access is encouraging more people to express themselves online research,tech
tv future in the hands of viewers with home theatre systems plasma high-definition tvs and digital,tech
what now for british tennis tim henman s decision to quit davis cup tennis has left,sport
labour s cunningham to stand down veteran labour mp and former cabinet minister jack cunningham has,politics
blair pressing us on climate tony blair is pressing the us to cut greenhouse gases despite,politics
guantanamo four free in weeks all four britons held by the us in guantanamo bay will,politics
blair returns from peace mission prime minister tony blair has arrived back from his diplomatic mission,politics
lions blow to world cup stars british and irish lions coach clive woodward says he is,sport
south african car demand surges car manufacturers with plants in south africa including bmw general motors,business
ultimate game award for doom 3 sci-fi shooter doom 3 has blasted away the competition at,tech
ukip s secret weapon by any measure new yorker dick morris is that thing americans love,politics
lib dems unveil election slogan the liberal democrats will present themselves as the real alternative in,politics
industrial revival hope for japan japanese industry is growing faster than expected boosting hopes that the,business
injury sidelines philippoussis mark philippoussis withdrew from the sydney international tennis tournament as expected on sunday,sport
bomb threat at bernabeu stadium spectators were evacuated from real madrid s bernabeu stadium on sunday,sport
swap offer for pirated windows xp computer giant microsoft has launched a pilot scheme to replace,tech
german business confidence slides german business confidence fell in february knocking hopes of a speedy recovery,business
two nigerian banks set to merge nigerian banks united bank of africa and standard trust bank,business
bank set to leave rates on hold uk interest rates are set to remain on hold,business
2d metal slug offers retro fun like some drill sergeant from the past metal slug 3,tech
watchdog probes vivendi bond sale french stock market regulator amf has filed complaints against media giant,business
brown hits back in blair rift row gordon brown has criticised a union leader who said,politics
japanese banking battle at an end japan s sumitomo mitsui financial has withdrawn its takeover offer,business
nasdaq planning $100m-share sale the owner of the technology-dominated nasdaq stock index plans to sell shares,business
record fails to lift lacklustre meet yelena isinbayeva may have produced another world pole vault record,sport
soderling wins tense milan final fifth seed robin soderling took the milan indoors title with a,sport
halo fans hope for sequel xbox video game halo 2 has been released in the us,tech
sa return to mauritius top seeds south africa return to the scene of one of their,sport
brainwave cap controls computer a team of us researchers has shown that controlling devices with the,tech
mexicans tracking unhappy juninho mexican outfit red sharks veracruz hope to sign juninho if the brazilian,sport
robinson ready for difficult task england coach andy robinson faces the first major test of his,sport
ex-pm lord callaghan dies aged 92 former labour prime minister lord callaghan has died on the,politics
millions to lose textile jobs millions of the world s poorest textile trade workers will lose,business
italy 17-28 ireland two moments of magic from brian o driscoll guided ireland to a workmanlike,sport
holmes is hit by hamstring injury kelly holmes has been forced out of this weekend s,sport
jp morgan admits us slavery links thousands of slaves were accepted as collateral for loans by,business
boro suffer morrison injury blow middlesbrough midfielder james morrison has been ruled out for up to,sport
honour for uk games maker leading british computer games maker peter molyneux has been made an,tech
moya suffers shock loss fifth seed carlos moya was the first big name to fall at,sport
nuclear dumpsite plan attacked plans to allow foreign nuclear waste to be permanently stored in the,politics
tv s future down the phone line internet tv has been talked about since the start,tech
what price for trusted pc security you can now buy trusted computers but can we really,tech
gamers could drive high-definition tv films and games have been gearing up for some time now,tech
costin aims for comeback in 2006 jamie costin should be paralysed.,sport
real in talks over gravesen move real madrid are closing in on a £2m deal for,sport
bortolami predicts dour contest italy skipper marco bortolami believes saturday s six nations contest against scotland,sport
ireland win eclipses refereeing errors the international rugby board may have to step in to stop,sport
lesotho textile workers lose jobs six foreign-owned textile factories have closed in lesotho leaving 6 650,business
fa decides not to punish mourinho the football association will take no action against chelsea boss,sport
markets fall on weak dollar fears rising oil prices and the sinking dollar hit shares on,business
umaga ready for lions all blacks captain tama umaga has warned the british and irish lions,sport
bosvelt optimistic over new deal manchester city s paul bosvelt will find out within a month,sport
butler strikes gold in spain britain s kathy butler continued her impressive year with victory in,sport
lib dems new election pr chief the lib dems have appointed a senior figure from bt,politics
lib dems predict best ever poll the lib dems are set for their best results in,politics
jones medals must go if guilty world anti-doping agency (wada) chief dick pound says marion jones,sport
custody death rate shocks mps deaths in custody have reached shocking levels a committee of mps,politics
long life promised for laptop pcs scientists are working on ways to ensure laptops can stay,tech
arsenal may seek full share listing arsenal vice-chairman david dein has said the club may consider,business
yukos unit fetches $9bn at auction a little-known russian company has bought the main production unit,business
mps criticise child access system divorced parents seeking access to their children are often disadvantaged by,politics
lib dems demand new inquiry a judge should look into the david blunkett controversy as key,politics
khodorkovsky ally denies charges a close associate of former yukos boss mikhail khodorkovsky has told a,business
clarke to press on with id cards new home secretary charles clarke has vowed to plough,politics
bekele sets sights on world mark olympic 10 000m champion kenenisa bekele is determined to add,sport
row over police power for csos the police federation has said it strongly opposes giving community,politics
house prices rebound says halifax uk house prices increased by 1.1% in december the first monthly,business
souness eyes summer move for owen newcastle boss graeme souness is lining up a summer move,sport
uk helps raped rwandan women britain is to give a £4m grant to help women survivors,politics
britain boosted by holmes double athletics fans endured a year of mixed emotions in 2004 as,sport
uk set to cut back on embassies nine overseas embassies and high commissions will close in,politics
us state acts to stop spammers us state texas has filed a lawsuit against two men,tech
moyes u-turn on beattie dismissal everton manager david moyes will discipline striker james beattie after all,sport
robinson out of six nations england captain jason robinson will miss the rest of the six,sport
robots learn robotiquette rules robots are learning lessons on robotiquette - how to behave socially -,tech
healthsouth ex-boss goes on trial the former head of us medical services firm healthsouth overstated earnings,business
gatlin and hayes win owen awards american olympic stars justin gatlin and joanna hayes have been,sport
howard and blair tax pledge clash tony blair has said voters will have to wait for,politics
will tory tax cuts lift spirits michael howard has finally revealed the full scale of his,politics
parents face video game lessons ways of ensuring that parents know which video games are suitable,tech
mallon wades into ne vote battle middlesbrough mayor ray mallon has been drafted in to boost,politics
intel unveils laser breakthrough intel has said it has found a way to put a silicon-based,tech
mps quiz aides over royal income senior officials at the two bodies generating private income for,politics
johnson edges out rival sotherton jade johnson edged out rival kelly sotherton with her last effort,sport
weak data buffets french economy a batch of downbeat government data has cast doubt over the,business
astrazeneca hit by drug failure shares in anglo-swedish drug have closed down 8% in uk trade,business
us trade gap ballooned in october the us trade deficit widened by more than expected in,business
deutsche attacks yukos case german investment bank deutsche bank has challenged the right of yukos to,business
school sport is back says pm tony blair has promised that sport is back as a,politics
at a glance: tory health checks the uk opposition conservatives have unveiled plans to introduce health,politics
gronkjaer agrees switch to madrid jesper gronkjaer has agreed a move to atletico madrid from birmingham,sport
fed chief warning on us deficit federal reserve chairman alan greenspan has warned that allowing huge,business
turkey deal to help world peace a deal bringing turkey a step closer to eu membership,politics
kenyon denies robben barca return chelsea chief executive peter kenyon has played down reports that arjen,sport
broadband set to revolutionise tv bt is starting its push into television with plans to offer,tech
$1m payoff for former shell boss shell is to pay $1m (£522 000) to the ex-finance,business
benitez to launch morientes bid liverpool may launch an £8m january bid for long-time target fernando,sport
web photo storage market hots up an increasing number of firms are offering web storage for,tech
gangsters dominate gaming chart video games on consoles and computers proved more popular than ever in,tech
israeli club look to africa four african players including zimbabwe goalkeeper energy murambadoro are all ready,sport
uk net users leading tv downloads british tv viewers lead the trend of illegally downloading us,tech
o sullivan quick to hail italians ireland coach eddie o sullivan heaped praise on italy after,sport
ask jeeves joins web log market ask jeeves has bought the bloglines website to improve the,tech
french suitor holds lse meeting european stock market euronext has met with the london stock exchange,business
musical future for phones analyst bill thompson has seen the future and it is in his,tech
court rejects $280bn tobacco case a us government claim accusing the country s biggest tobacco companies,business
england given tough sevens draw england will have to negotiate their way through a tough draw,sport
games win for blu-ray dvd format the next-generation dvd format blu-ray is winning more supporters than,tech
european losses hit gm s profits general motors (gm) saw its net profits fall 37% in,business
profits slide at india s dr reddy profits at indian drugmaker dr reddy s fell 93%,business
kluft impressed by sotherton form olympic heptathlon champion carolina kluft was full of admiration for britain,sport
escaped prisoner report ordered first minister jack mcconnell has ordered a report on the decision to,politics
economy focus for election battle britain s economic future will be at the heart of labour,politics
broadband steams ahead in the us more and more americans are joining the internet s fast,tech
no uk apology for colonial past the days of britain having to apologise for its colonial,politics
call centre users lose patience customers trying to get through to call centres are getting impatient,business
uk needs tax cuts tories insist a major change of direction is needed in britain if,politics
england 17-18 france england suffered an eighth defeat in 11 tests as scrum-half dimitri yachvili booted,sport
tv debate urged for party chiefs broadcasters should fix a date for a pre-election televised debate,politics
no seasonal lift for house market a swathe of figures have provided further evidence of a,business
brussels raps mobile call charges the european commission has written to the mobile phone operators vodafone,business
bat spit drug firm goes to market a german firm whose main product is derived from,business
broadband fuels online expression fast web access is encouraging more people to express themselves online research,tech
india unveils anti-poverty budget india is to boost spending on primary schools and health in a,business
broadband in the uk growing fast high-speed net connections in the uk are proving more popular,tech
uk s useless quangos under fire the uk has 529 quangos financed with billions of pounds,politics
text messages aid disaster recovery text messaging technology was a valuable communication tool in the aftermath,tech
broadband in the uk gathers pace one person in the uk is joining the internet s,tech
uk discriminated against roma the government s immigration rules racially discriminated against roma (gypsies) seeking entry,politics
nortel in $300m profit revision telecoms equipment maker nortel networks has sharply revised downwards its profits,business
uk coal plunges into deeper loss shares in uk coal have fallen after the mining group,business
brazil approves bankruptcy reform a major reform of brazil s bankruptcy laws has been approved by,business
podcasters look to net money nasa is doing it 14-year-old boys in bedrooms are doing it,tech
economy stronger than forecast the uk economy probably grew at a faster rate in the third,business
thanou bullish over drugs hearing katerina thanou is confident she and fellow sprinter kostas kenteris will,sport
fast lifts rise into record books two high-speed lifts at the world s tallest building have,tech
confusion over high-definition tv now that a critical mass of people have embraced digital tv dvds,tech
uk gets official virus alert site a rapid alerting service that tells home computer users about,tech
peer-to-peer nets here to stay peer-to-peer (p2p) networks are here to stay and are on the,tech
robben and cole earn chelsea win cheslea salvaged a win against a battling portsmouth side just,sport
dal maso in to replace bergamasco david dal maso has been handed the task of replacing,sport
concern over rfid tags consumers are very concerned about the use of radio frequency id (rfid),tech
learning to love broadband we are reaching the point where broadband is a central part of,tech
jobs go at oracle after takeover oracle has announced it is cutting about 5 000 jobs,business
adriano s chelsea link rejected adriano s agent gilmar rinaldi has insisted that he has had,sport
apple sues tiger file sharers apple has taken more legal action to stop online leaks of,tech
open source leaders slam patents the war of words between microsoft and the open source movement,tech
gb select holmes for double bid kelly holmes has been chosen for both the 800m and,sport
hewitt fights back to reach final lleyton hewitt kept his dream of an australian open title,sport
conservative mp defects to labour a conservative mp and former minister has defected to labour.,politics
chelsea hold arsenal a gripping game between arsenal and chelsea ended with the honours finishing even,sport
ban on hunting comes into force fox hunting with dogs is now illegal in england and,politics
manchester wins labour conference the labour party will hold its 2006 autumn conference in manchester and,politics
warning over tsunami aid website net users are being told to avoid a scam website that,tech
beckham rules out management move real madrid midfielder david beckham has no plans to become a,sport
umaga ready for fearsome lions all blacks captain tama umaga has warned the british and irish,sport
baron kinnock makes lords debut former labour leader neil kinnock has officially been made a life,politics
ebbers aware of worldcom fraud former worldcom boss bernie ebbers was directly involved in the $11bn,business
funding cut hits wales students the wales students rugby side has become a casualty of the,sport
windows worm travels with tetris users are being warned about a windows virus that poses as,tech
premier league planning cole date the premier league is attempting to find a mutually convenient date,sport
mitsubishi in peugeot link talks trouble-hit mitsubishi motors is in talks with french carmaker psa peugeot,business
brizzel to run aaa s in sheffield ballymena sprinter paul brizzel will be among eight of,sport
iaaf awaits greek pair s response kostas kenteris and katerina thanou are yet to respond to,sport
roddick in talks over new coach andy roddick is reportedly close to confirming us davis cup,sport
lord scarman 93 dies peacefully distinguished lawyer lord scarman who conducted the inquiry into the 1981,politics
sec to rethink post-enron rules the us stock market watchdog s chairman has said he is,business
xbox power cable fire fear microsoft has said it will replace more than 14 million power,tech
italy aim to rattle england italy coach john kirwan believes his side can upset england as,sport
parry relishes anfield challenge bbc sport reflects on the future for liverpool after our exclusive interview,sport
blair to face mps amid feud talk tony blair faces his first prime minister s questions,politics
brown names 16 march for budget chancellor gordon brown will deliver his budget to the house,politics
microsoft debuts security tools microsoft is releasing tools that clean up pcs harbouring viruses and spyware.,tech
radcliffe tackles marathon tasks paula radcliffe faces arguably the biggest test of her career in the,sport
child access law shake-up planned parents who refuse to allow former partners contact with their children,politics
jowell rejects las vegas jibe the secretary of state for culture media and sport tessa jowell,politics
clijsters hope on aussie open kim clijsters has denied reports that she has pulled out of,sport
india widens access to telecoms india has raised the limit for foreign direct investment in telecoms,business
japan turns to beer alternatives japanese brewers are increasingly making money from beer-flavoured drinks rather than,business
lufthansa flies back to profit german airline lufthansa has returned to profit in 2004 after posting,business
highbury tunnel players in clear the football association has said it will not be bringing charges,sport
wolves appoint hoddle as manager glenn hoddle will be unveiled as the new wolves manager on,sport
krispy kreme shares hit shares in krispy kreme doughnuts have taken a dunking on wall street,business
gates opens biggest gadget fair bill gates has opened the consumer electronics show (ces) in las,tech
sprinter walker quits athletics former european 200m champion dougie walker is to retire from athletics after,sport
uk broadband gets speed injection broadband s rapid rise continues apace as speeds gear up a,tech
apple ipod family expands market apple has expanded its ipod family with the release of its,tech
sfa awaits report over mikoliunas the scottish football association is awaiting referee hugh dallas s report,sport
bargain calls widen softbank loss japanese communications firm softbank has widened losses after heavy spending on,business
booming markets shed few tears the market former british government minister michael heseltine once said has,business
ministers lose slopping out case the scottish executive has lost an appeal against an inmate s,politics
scots suffer another injury blow scotland s back row crisis has worsened ahead of the rbs,sport
profile: gordon brown the ultimate prize of 10 downing street may continue to elude him but,politics
african double in edinburgh world 5000m champion eliud kipchoge won the 9.2km race at the view,sport
putin backs state grab for yukos russia s president has defended the purchase of yukos key,business
call for action on internet scam phone companies are not doing enough to warn customers about,tech
honda wins china copyright ruling japan s honda has won a copyright case in beijing further,business
cairn shares up on new oil find shares in cairn energy have jumped 6% after the,business
wales win in rome wales secured their first away win in the rbs six nations for,sport
taylor poised for scotland return simon taylor has been named in the scotland squad for saturday,sport
candidate resigns over bnp link a prospective candidate for the uk independence party (ukip) has resigned,politics
looks and music to drive mobiles mobile phones are still enjoying a boom time in sales,tech
profits stall at china s lenovo profits at chinese computer firm lenovo have stood still amid,business
liverpool pledge to keep gerrard liverpool chief executive rick parry insists the club will never sell,sport
durex maker ssl awaits firm bid uk condom maker ssl international has refused to comment on,business
ukip could sue veritas defectors the uk independence party could take legal action to unseat two,politics
fa probes crowd trouble the fa is to take action after trouble marred wednesday s carling,sport
games firms face tough future uk video game firms face a testing time as they prepare,tech
stalemate in pension strike talks talks aimed at averting national strikes over pension reforms have ended,politics
labour chooses manchester the labour party will hold its 2006 autumn conference in manchester and not,politics
parties warned over grey vote political parties cannot afford to take older uk voters for granted,politics
kewell waits as injury drags on liverpool winger harry kewell is struggling to recover from his,sport
can yahoo dominate next decade yahoo has reached the grand old age of 10 and in,tech
jansen suffers a further setback blackburn striker matt jansen faces three weeks out after surgery to,sport
shares hit by ms drug suspension shares in elan and biogen idec plunged on monday as,business
kraft cuts snack ads for children kraft plans to cut back on advertising of products like,business
pearce keen on succeeding keegan joint assistant boss stuart pearce has admitted he would like to,sport
llewellyn plans wales retirement wales record cap holder gareth llewellyn will retire from test rugby at,sport
no election tv debate says blair tony blair has said he will not take part in,politics
mobile multimedia slow to catch on there is no doubt that mobile phones sporting cameras and,tech
hong kong in 2011 world cup bid hong kong is hoping to join japan as co-host,sport
mild winter drives us oil down 6% us oil prices have fallen by 6% driven down,business
williams says he will never quit defiant matt williams says he will not quit as scotland,sport
soros group warns of kazakh close the open society institute (osi) financed by billionaire george soros,business
mandelson warning to bbc the bbc should steer away from demonising ex-downing street media chief alastair,politics
henman hopes ended in dubai third seed tim henman slumped to a straight sets defeat in,sport
imf cuts german growth estimate the international monetary fund is to cut its 2005 growth forecast,business
kennedy predicts bigger turnout voters pent up passion could confound predictions of a low turnout in,politics
plaid mp s cottage arson claim a plaid cymru mp believes uk security services were involved,politics
top tories on lib dem hit list the liberal democrats are aiming to unseat a string,politics
election deal faltered over heath role the tories failed to hold onto power in 1974 after,politics
china had role in yukos split-up china lent russia $6bn (£3.2bn) to help the russian government,business
tory leader unveils spending plan tory leader michael howard says his party can save £35bn in,politics
wilkinson return unlikely jonny wilkinson looks set to miss the whole of the 2005 rbs six,sport
errors doomed first dome sale the initial attempt to sell the millennium dome failed due to,politics
playstation 3 chip to be unveiled details of the chip designed to power sony s playstation,tech
computer grid to help the world your computer can now help solve the world s most,tech
iraq advice claim sparks new row the tories say ministers must respond in parliament to claims,politics
bush budget seeks deep cutbacks president bush has presented his 2006 budget cutting domestic spending in,business
thousands join strike in wales thousands of civil servants were on strike across wales on friday,politics
no re-draft for eu patent law a proposed european law on software patents will not be,tech
putting a face to big brother literally putting a face on technology could be one of,tech
set your television to wow television started off as a magical blurry image.,tech
radcliffe proves doubters wrong this won t go down as one of the greatest marathons of,sport
wenger keeping faith with almunia arsene wenger has pledged to keep faith with stand-in keeper manuel,sport
holmes back on form in birmingham double olympic champion kelly holmes was back to her best,sport
boeing secures giant japan order boeing is to supply japan airlines with up to 50 of,business
london irish 19-33 wasps wasps made light of the absence of several internationals to sink london,sport
gadget market to grow in 2005 the explosion in consumer technology is to continue into 2005,tech
guantanamo man suing government a british terror suspect held in guantanamo bay for 33 months plans,politics
straw attacked on china arms moves to lift the european union s ban on arms exports,politics
roche turns down federer offer australian tennis coach tony roche has turned down an approach from,sport
oil prices reach three-month low oil prices have fallen heavily for a second day closing at,business
lib dems target the student vote students can decide the fate of mps in some seats,politics
blair told to double overseas aid tony blair is being urged to use all his negotiating,politics
us economy still growing says fed most areas of the us saw their economy continue to,business
record year for chilean copper chile s copper industry has registered record earnings of $14.2bn in,business
karachi stocks hit historic high the karachi stock exchange (kse) has recorded its largest single day,business
leeds v saracens (fri) headingley friday 25 february 2000 gmt the tykes have brought in newcastle,sport
digital uk driven by net and tv the uk s adoption of digital tv and broadband,tech
verizon seals takeover of mci verizon has won a takeover battle for us phone firm mci,business
pc photo printers challenge pros home printed pictures can be cheaper and higher quality than those,tech
apple mac mini gets warm welcome the mac mini has been welcomed by apple fans industry,tech
clijsters could play aussie open kim clijsters has denied reports that she has pulled out of,sport
us ahold suppliers face charges us prosecutors have charged nine food suppliers with helping dutch retailer,business
safin slumps to shock dubai loss marat safin suffered a shock loss to unseeded nicolas kiefer,sport
mobiles rack up 20 years of use mobile phones in the uk are celebrating their 20th,tech
england coach faces rap after row england coach andy robinson is facing disciplinary action after criticising,sport
henman to face saulnier test british number one tim henman will face france s cyril saulnier,sport
the ticking budget facing the us the budget proposals laid out by the administration of us,business
wenger dejected as arsenal slump arsenal manager arsene wenger claimed their display in the 3-1 defeat,sport
drink remark acts as diversion the first minister s statement that it was okay to get,politics
trade gap narrows as exports rise the uk s trade gap narrowed in november helped by,business
fresh hope after argentine crisis three years after argentina was hit by a deadly economic crisis,business
lib dems bold election policy charles kennedy has told voters his liberal democrats will offer them,politics
media gadgets get moving pocket-sized devices that let people carry around video and images are set,tech
barclays profits hit record level barclays the uk s third-biggest bank has seen annual pre-tax profits,business
mac mini heralds mini revolution the mac mini was launched amid much fanfare by apple and,tech
israeli economy picking up pace israel s economy is forecast to grow by 4.2% in 2004,business
circuit city gets takeover offer circuit city stores the second-largest electronics retailer in the us has,business
ref stands by scotland decisions the referee from saturday s france v scotland six nations match,sport
japan s ageing workforce: built to last in his twenties he battled tuberculosis for eight years,business
saudi investor picks up the savoy london s famous savoy hotel has been sold to a,business
apple unveils low-cost mac mini apple has unveiled a new low-cost macintosh computer for the masses,tech
kennedy calls for iraq exit plans tony blair should set out a proper exit strategy from,politics
no-one can define new hunt ban the new law banning hunting with dogs is so poorly,politics
mps to debate euthanasia laws mps are preparing to debate a bill which critics claim would,politics
bath faced with tindall ultimatum mike tindall s agent has warned bath they have until next,sport
preview: ireland v england (sun) lansdowne road dublin sunday 27 february 1500 gmt bbc1 radio 4,sport
virgin blue shares plummet 20% shares in australian budget airline virgin blue plunged 20% after it,business
turkey turns on the economic charm three years after a gruelling economic crisis turkey has dressed,business
boeing unveils new 777 aircraft us aircraft firm boeing has unveiled its new long-distance 777 plane,business
microsoft releases bumper patches microsoft has warned pc users to update their systems with the latest,tech
white prepared for battle tough-scrummaging prop julian white is expecting a resurgent wales to give him,sport
anelka apologises for criticism manchester city striker nicolas anelka has issued an apology for criticising the,sport
almagro continues spanish surge unseeded nicolas almagro became the fifth spaniard to reach the last eight,sport
m&s cuts prices by average of 24% marks & spencer has cut prices in london and,business
novartis hits acquisition trail swiss drugmaker novartis has announced 5.65bn euros ($7.4bn; £3.9bn) of purchases to,business
sydney return for henin-hardenne olympic champion justine henin-hardenne will return to action in january s sydney,sport
england to launch ref protest england will protest to the international rugby board (irb) about the,sport
petrol duties frozen brown says chancellor gordon brown has announced a freeze on fuel duty in,politics
wall street cheers bush victory the us stock market has closed higher in response to george,business
lennon brands rangers favourites celtic s neil lennon admits rangers could be considered slight favourites for,sport
lloyd s of london head chides fsa the head of lloyd s of london the insurance,business
domain system scam fear a system to make it easier to create website addresses using alphabets,tech
doors open at biggest gadget fair thousands of technology lovers and industry experts have gathered in,tech
go-ahead for balkan oil pipeline albania bulgaria and macedonia has given the go ahead for the,business
former ni minister scott dies former northern ireland minister sir nicholas scott has died at a,politics
visa row mandarin made sir john the top civil servant at the centre of the david,politics
qantas considers offshore option australian airline qantas could transfer as many as 7 000 jobs out,business
sun offers processing by the hour sun microsystems has launched a pay-as-you-go service which will allow,tech
amex shares up on spin-off news shares in american express surged more than 8% on tuesday,business
rescue hope for borussia dortmund shares in struggling german football club borussia dortmund slipped on monday,business
cyber crime booms in 2004 the last 12 months have seen a dramatic growth in almost,tech
bush to get tough on deficit us president george w bush has pledged to introduce a,business
fosters buys stake in winemaker australian brewer fosters has bought a large stake in australian winemaker,business
viewers to be able to shape tv imagine editing titanic down to watch just your favourite,tech
irish markets reach all-time high irish shares have risen to a record high with investors persuaded,business
kerr frustrated at victory margin republic of ireland manager brian kerr admitted he was frustrated his,sport
bond game fails to shake or stir for gaming fans the word goldeneye evokes excited memories,tech
peugeot deal boosts mitsubishi struggling japanese car maker mitsubishi motors has struck a deal to supply,business
intel unveils laser breakthrough intel has unveiled research that could mean data is soon being moved,tech
rich pickings for hi-tech thieves viruses trojans and other malicious programs sent on to the net,tech
gm in crunch talks on fiat future fiat will meet car giant general motors (gm) on,business
crucial decision on super-casinos a decision on whether to allow westminster to legislate on super-casinos is,politics
tsunami slows sri lanka s growth sri lanka s president has launched a reconstruction drive worth,business
millions buy mp3 players in us one in 10 adult americans - equivalent to 22 million,tech
hearts of oak 3-2 cotonsport hearts of oak set up an all ghanaian confederation cup final,sport
crude oil prices back above $50 cold weather across parts of the united states and much,business
what high-definition will do to dvds first it was the humble home video then it was,tech
italy to get economic action plan italian prime minister silvio berlusconi will unveil plans aimed at,business
stevens named in england line-up england have named bath prop matt stevens in the starting line-up,sport
lib dems highlight problem debt people vulnerable to problem debts should be afforded greater protection from,politics
standoff on deutsche s lse bid deutsche boerse investors unhappy with its london stock exchange bid,business
net fingerprints combat attacks eighty large net service firms have switched on software to spot and,tech
ethiopia s crop production up 24% ethiopia produced 14.27 million tonnes of crops in 2004 24%,business
gazprom in $36m back-tax claim the nuclear unit of russian energy giant gazprom is reportedly facing,business
arsenal through on penalties arsenal win 4-2 on penalties the spanish goalkeeper saved from alan quinn,sport
cash gives way to flexible friend spending on credit and debit cards has overtaken cash spending,business
us company admits benin bribery a us defence and telecommunications company has agreed to pay $28.5m,business
games maker fights for survival one of britain s largest independent game makers argonaut games has,tech
brown and blair face new rift claims for the umpteenth time tony blair and gordon brown,politics
balco case trial date pushed back the trial date for the bay area laboratory cooperative (balco),sport
owen determined to stay in madrid england forward michael owen has told the bbc he is,sport
movie body targets children s pcs the body that represents the us movie industry has released,tech
williams stays on despite dispute matt williams insists he has no thoughts of quitting as national,sport
broadband soars in 2004 if broadband were a jumbo jet then 2003 would have seen it,tech
china to overtake us net use the chinese net-using population looks set to exceed that of,tech
tutu s guantanamo release call archbishop desmond tutu has called for the release of the remaining,politics
malaysia lifts islamic bank limit malaysia s central bank is to relax restrictions on foreign ownership,business
egypt to sell off state-owned bank the egyptian government is reportedly planning to privatise one of,business
golden rule intact says ex-aide chancellor gordon brown will meet his golden economic rule with a,business
van nistelrooy set to return manchester united striker ruud van nistelrooy may make his comeback after,sport
ferguson rues failure to cut gap boss sir alex ferguson was left ruing manchester united s,sport
mps assess scots fishing industry a group of mps are on a two-day fact-finding mission to,politics
indian oil firm eyes yukos assets india s biggest oil exploration firm oil & natural gas,business
eu referendum question unveiled the question to be asked in the referendum on the eu constitution,politics
dominici backs lacklustre france wing christophe dominici says france can claim another six nations grand slam,sport
crossrail link to get go-ahead the £10bn crossrail transport plan backed by business groups is to,business
cabs collect mountain of mobiles gadgets are cheaper  smaller and more common than ever.,tech
murray returns to scotland fold euan murray has been named in the scotland training squad after,sport
portable playstation ready to go sony s playstation portable (psp) will go on sale in japan,tech
qwest may spark mci bidding war us phone company qwest has said it will table a,business
blair rejects tory terror offer tony blair has rejected a conservative compromise offer that could have,politics
mobile tv tipped as one to watch scandinavians and koreans two of the most adventurous groups,tech
us industrial output growth eases us industrial production continued to rise in november albeit at a,business
sella wants michalak recall former france centre philippe sella believes coach bernard laporte must recall frederic,sport
qantas sees profits fly to record australian airline qantas has posted a record fiscal first-half profit,business
kinnock to urge reform in lords neil kinnock has said his acceptance of a seat in,politics
cannabis hopes for drug firm a prescription cannabis drug made by uk biotech firm gw pharmaceuticals,business
house prices show slight increase prices of homes in the uk rose a seasonally adjusted 0.5%,business
bad weather hits nestle sales a combination of bad weather rising raw material costs and the,business
o driscoll saves irish blushes two moments of magic from brian o driscoll guided ireland to,sport
mcilroy wins 800m indoor title james mcilroy motored to the aaa s indoor 800m title in,sport
bombardier chief to leave company shares in train and plane-making giant bombardier have fallen to a,business
alfa romeos to get gm engines fiat is to stop making six-cylinder petrol engines for its,business
howard rebuts asylum criticisms tory leader michael howard has gone on the offensive in response to,politics
slim playstation triples sales sony playstation 2 s slimmer shape has proved popular with uk gamers,tech
kilroy launches veritas party ex-bbc chat show host and east midlands mep robert kilroy-silk has said,politics
yukos loses us bankruptcy battle a judge has dismissed an attempt by russian oil giant yukos,business
warning over windows word files writing a microsoft word document can be a dangerous business according,tech
uk pioneers digital film network the world s first digital cinema network will be established in,tech
hewitt falls to dent lleyton hewitt suffered a shock defeat to taylor dent in the quarter-finals,sport
market unfazed by aurora setback as the aurora limped back to its dock on 20 january,business
kennedy to make temple address charles kennedy is set to address 2 000 people at a,politics
apple laptop is greatest gadget the apple powerbook 100 has been chosen as the greatest gadget,tech
deutsche boerse set to woo lse bosses of deutsche boerse and the london stock exchange are,business
howard taunts blair over splits tony blair s feud with gordon brown is damaging the way,politics
fear will help france - laporte france coach bernard laporte believes his team will be scared,sport
top judge clashes with ministers the uk s top judge has revealed he has clashed with,politics
athens memories soar above lows well it s goodbye to another olympic year and as usual,sport
bush to outline toughest budget president bush is to send his toughest budget proposals to date,business
campese berates whingeing england former australian wing david campese has told england to stop whingeing in,sport
celts savour grand slam prospect the six nations has heralded a new order in northern hemisphere,sport
thanou desperate to make return greek sprinter katerina thanou says she is eager to compete again,sport
yukos unit buyer faces loan claim the owners of embattled russian oil giant yukos are to,business
profile: david blunkett before he resigned the position of home secretary on wednesday david blunkett had,politics
collins banned in landmark case sprinter michelle collins has received an eight-year ban for doping offences,sport
continental may run out of cash shares in continental airlines have tumbled after the firm warned,business
yahoo moves into desktop search internet giant yahoo has launched software to allow people to search,tech
brazil jobless rate hits new low brazil s unemployment rate fell to its lowest level in,business
benitez deflects blame from dudek liverpool manager rafael benitez has refused to point the finger of,sport
tobacco giants hail court ruling us tobacco companies have welcomed an appeal court s decision to,business
howard truanted to play snooker conservative leader michael howard has admitted he used to play truant,politics
fit-again betsen in france squad france have brought flanker serge betsen back into their squad to,sport
new foot and mouth action urged a senior tory mp has criticised agriculture department defra s,politics
royal couple watch nation s mood prince charles and camilla parker bowles are awaiting the nation,politics
connors boost for british tennis former world number one jimmy connors is planning a long-term relationship,sport
cairn shares slump on oil setback shares in cairn energy a uk oil firm have closed,business
consumers snub portable video consumers want music rather than movies while on the move says a,tech
sport betting rules in spotlight a group of mps and peers has called for a tightening,politics
edu describes tunnel fracas arsenal s edu has lifted the lid on the scenes that followed,sport
labour faces cold calls inquiry labour is to be investigated by a watchdog over claims its,politics
lewis-francis turns to christie mark lewis-francis has stepped up his preparations for the new season by,sport
job cuts false economy - tuc plans to shed 71 000 civil service jobs will prove,politics
glazer makes new man utd approach malcolm glazer has made a fresh approach to buy manchester,business
european medal chances improve what have the european indoor trials told us well i think we,sport
consumers drive french economy france s economic growth accelerated in the last three months of 2004,business
robinson wants dual code success england rugby union captain jason robinson has targeted dual code success,sport
iaaf launches fight against drugs the iaaf - athletics world governing body - has met anti-doping,sport
lib dems to target stamp duty the liberal democrats are promising to raise the stamp duty,politics
winemaker rejects foster s offer australian winemaker southcorp has rejected a takeover offer worth 3.1bn australian,business
mcconnell in drunk remark row scotland s first minister has told a group of high school,politics
bbc poll indicates economic gloom citizens in a majority of nations surveyed in a bbc world,business
wada will appeal against ruling the world anti-doping agency (wada) will appeal against the acquittal of,sport
mauresmo opens with victory in la amelie mauresmo and maria sharapova won their opening matches at,sport
satellite mapping aids darfur relief aid workers trying to house feed and clothe millions of homeless,tech
dementieva prevails in hong kong elena dementieva swept aside defending champion venus williams 6-3 6-2 to,sport
five million germans out of work germany s unemployment figure rose above the psychologically important level,business
blair hails turkey-eu talks deal tony blair has hailed a deal bringing turkey a step closer,politics
middlesbrough 2-2 charlton a late header by teenager danny graham earned middlesbrough a battling draw with,sport
campbell to be lions consultant former government communications chief alastair campbell will act as a media,sport
jobs growth still slow in the us the us created fewer jobs than expected in january,business
eu aiming to fuel development aid european union finance ministers meet on thursday to discuss proposals,business
yachvili savours france comeback france scrum-half dimitri yachvili praised his team after they fought back to,sport
golden economic period to end ten years of golden economic performance may come to an end,business
stuart joins norwich from addicks norwich have signed charlton midfielder graham stuart until the end of,sport
hingis hints at playing comeback martina hingis has admitted that she might consider a competitive return,sport
bbc web search aids odd queries the bbc s online search engine was used a record,tech
castaignede fires laporte warning former france fly-half thomas castaignede has warned the pressure is mounting on,sport
india s deccan seals $1.8bn deal air deccan has ordered 30 airbus a320 planes in a,business
gadgets galore on show at fair the 2005 consumer electronics show in las vegas is a,tech
microsoft makes anti-piracy move microsoft says it is clamping down on people running pirated versions of,tech
davenport dismantles young rival top seed lindsay davenport booked her place in the last 16 of,sport
tomlinson stays focused on europe long jumper chris tomlinson has cut his schedule to ensure he,sport
brazil plays down varig rescue the brazilian government has played down claims that it could step,business
capriati out of australian open jennifer capriati has become the third leading lady to withdraw from,sport
blues slam blackburn over savage birmingham have confirmed blackburn made a bid for robbie savage -,sport
brown s poll campaign move denied the government has denied reports that gordon brown is preparing,politics
mcclaren eyes uefa cup top spot steve mcclaren wants his middlesbrough team to win their uefa,sport
drive to save festive holidays efforts are being made to protect workers days off on christmas,politics
wmc says xstrata bid is too low australian mining firm wmc resources has said it is,business
smith keen on home series return scotland manager walter smith has given his backing to the,sport
yukos heading back to us courts russian oil and gas company yukos is due in a,business
gamers snap up new sony psp gamers have bought almost all of the first batch of,tech
howard denies split over id cards michael howard has denied his shadow cabinet was split over,politics
worldcom bosses $54m payout ten former directors at worldcom have agreed to pay $54m (£28.85m) including,business
blair and brown criticised by mps labour mps have angrily criticised tony blair and gordon brown,politics
reliance unit loses anil ambani anil ambani the younger of the two brothers in charge of,business
monsanto fined $1.5m for bribery the us agrochemical giant monsanto has agreed to pay a $1.5m,business
global digital divide narrowing the digital divide between rich and poor nations is narrowing fast according,tech
edu blasts arsenal arsenal s brazilian midfielder edu has hit out at the club for stalling,sport
tory leader quits legal position david mcletchie has resigned from his post as a partner in,politics
mcdonald s boss bell dies aged 44 charlie bell the straight-talking former head of fast-food giant,business
microsoft launches its own search microsoft has unveiled the finished version of its home-grown search engine.,tech
melzer shocks agassi in san jose second seed andre agassi suffered a comprehensive defeat by jurgen,sport
g7 backs africa debt relief plan g7 finance ministers have backed plans to write off up,business
tevez - an argentine in brazil some 65 years ago bernardo gandulla left boca juniors in,sport
yukos drops banks from court bid russian oil company yukos has dropped the threat of legal,business
tories attack burglar u-turns tory leader michael howard has accused tony blair of performing u-turns over,politics
dallaglio eyeing lions tour place former england captain lawrence dallaglio still harbours hopes of a place,sport
china now top trader with japan china overtook the us to become japan s biggest trading,business
china blocks google news site china has been accused of blocking access to google news by,tech
train strike grips buenos aires a strike on the buenos aires underground has caused traffic chaos,business
india calls for fair trade rules india which attends the g7 meeting of seven leading industrialised,business
bmw drives record sales in asia bmw has forecast sales growth of at least 10% in,business
safin relieved at aussie recovery marat safin admitted he thought he was suffering another australian open,sport
burren awarded egyptian contracts british energy firm burren energy has been awarded two potentially lucrative oil,business
supercomputer breaks speed record the us is poised to push japan off the top of the,tech
wales coach elated with win mike ruddock paid tribute to his wales side after they came,sport
fiat mulls ferrari market listing ferrari could be listed on the stock market as part of,business
plan to give elderly care control elderly and disabled people would choose how their own budget,politics
half of uk s mobiles go online multimedia mobile phones are finally showing signs of taking,tech
marsh executive in guilty plea an executive at us insurance firm marsh & mclennan has pleaded,business
chinese exports rise 25% in 2004 exports from china leapt during 2004 over the previous year,business
iraq and afghanistan in wto talks the world trade organisation (wto) is to hold membership talks,business
greek sprinters suspended by iaaf greek sprinters kostas kenteris and katerina thanou have been suspended after,sport
edwards tips idowu for euro gold world outdoor triple jump record holder and bbc pundit jonathan,sport
merritt close to indoor 400m mark teenager lashawn merritt ran the third fastest indoor 400m of,sport
quake s economic costs emerging asian governments and international agencies are reeling at the potential economic,business
search wars hit desktop pcs another front in the on-going battle between microsoft and google is,tech
blair dismisses quit claim report tony blair has dismissed reports he told gordon brown he would,politics
gritty return for prince of persia still basking in the relatively recent glory of last year,tech
uk athletics agrees new kit deal uk athletics has agreed a new deal with adidas to,sport
prime minister s questions so who if anyone is playing politics with the security of the,politics
brown proud of economy record gordon brown has delivered a rousing speech to labour s spring,politics
world tour for top video gamers two uk gamers are about to embark on a world,tech
golden rule boost for chancellor chancellor gordon brown has been given a £2.1bn boost in his,business
philippoussis doubt over open bid mark philippoussis is almost certain to miss the australian open after,sport
nissan names successor to ghosn nissan has named a lifetime employee to run its operations after,business
dunne keen to commit to man city richard dunne is ready to commit his long-term future,sport
woodward eyes brennan for lions toulouse s former irish international trevor brennan could be one of,sport
ore costs hit global steel firms shares in steel firms have dropped worldwide amid concerns that,business
pernod takeover talk lifts domecq shares in uk drinks and food firm allied domecq have risen,business
brown to outline presidency goals next year will be make or break for development in poorer,politics
weak dollar hits reuters revenues at media group reuters slipped 11% during 2004 mainly due to,business
yukos seeks court action on sale yukos will return to a us court on wednesday to,business
mixed christmas for us retailers us retailers posted mixed results for december - with luxury retailers,business
captains lining up for aid match ireland s brian o driscoll is one of four six,sport
football manager scores big time for the past decade or so the virtual football fans among,tech
eu referendum could cost £80m it could cost £80m to run a uk referendum on the,politics
what the election should really be about a general election is the best chance most pressure,politics
more reforms ahead says milburn labour will continue to pursue controversial reforms if it wins a,politics
rank set to sell off film unit leisure group rank could unveil plans to demerge its,business
last chance warning for voters people in england scotland and wales must have registered by 1700,politics
junk e-mails on relentless rise spam traffic is up by 40% putting the total amount of,tech
borders 19-20 ulster ulster clung on for a morale-boosting celtic league win over bottom club borders,sport
disappointed scott in solid start allan scott is confident of winning a medal at next week,sport
the year search became personal the odds are that when you fire up your browser you,tech
act on detention ruling uk urged the government must act quickly on the law lords ruling,politics
kilroy launches veritas party ex-bbc chat show host and east midlands mep robert kilroy-silk said he,politics
german bidder in talks with lse deutsche boerse bosses have held constructive professional and friendly talks,business
poll explains free-kick decision referee graham poll said he applied the laws of the game in,sport
halo 2 heralds traffic explosion the growing popularity of online gaming could spell problems for net,tech
mp s shock at long lost daughter labour mp stephen pound has told of his shock,politics
lions blow to world cup winners british and irish lions coach clive woodward says he is,sport
wales make two changes for france wales coach mike ruddock has made two changes from the,sport
e-university disgraceful waste a failed government scheme to offer uk university courses online has been branded,politics
yeading face newcastle in fa cup premiership side newcastle united face a trip to ryman premier,sport
man city 0-2 man utd manchester united reduced chelsea s premiership lead to nine points after,sport
disney settles disclosure charges walt disney has settled charges from us federal regulators that it failed,business
housing plans criticised by mps irreversible environmental damage will be caused by government plans to build,politics
fao warns on impact of subsidies billions of farmers livelihoods are at risk from falling commodity,business
finding new homes for old phones re-using old mobile phones is not just good for the,tech
could rivalry overshadow election tony blair and gordon brown are desperately trying to stuff the genie,politics
labour mp praises tory campaign the conservatives have been a lot smarter in the way they,politics
ea to take on film and tv giants video game giant electronic arts (ea) says it,tech
council tax rise reasonable welsh councils should set their taxes at reasonable levels after being given,politics
latest opera browser gets vocal net browser opera 8.0 due for official release at the end,tech
